Protein_Name,ASCVD_Frequency,ASCVD_Count,ASCVD_Selected,HF_Frequency,HF_Count,HF_Selected,Total_CVD_Frequency,Total_CVD_Count,Total_CVD_Selected,Selected_Outcome_Count,Selected_Outcomes
A1BG,0.43,43,False,0.14,14,False,0.25,25,False,0,
AAMDC,0.14,14,False,0.15,15,False,0.12,12,False,0,
AARSD1,0.24,24,False,0.12,12,False,0.19,19,False,0,
ABCA2,0.34,34,False,0.83,83,True,0.48,48,False,1,HF
ABHD14B,0.16,16,False,0.09,9,False,0.15,15,False,0,
ABL1,0.15,15,False,0.07,7,False,0.13,13,False,0,
ABO,0.55,55,False,0.38,38,False,0.32,32,False,0,
ABRAXAS2,0.2,20,False,0.06,6,False,0.11,11,False,0,
ACAA1,0.22,22,False,0.09,9,False,0.14,14,False,0,
ACADM,0.36,36,False,0.58,58,False,0.22,22,False,0,
ACADSB,0.11,11,False,0.04,4,False,0.11,11,False,0,
ACAN,0.66,66,False,0.14,14,False,0.31,31,False,0,
ACE,0.32,32,False,0.24,24,False,0.32,32,False,0,
ACE2,0.54,54,False,0.96,96,True,0.93,93,True,2,HF;Total_CVD
ACHE,0.5,50,False,0.21,21,False,0.34,34,False,0,
ACOT13,0.11,11,False,0.05,5,False,0.07,7,False,0,
ACOX1,0.19,19,False,0.13,13,False,0.17,17,False,0,
ACP1,0.58,58,False,0.16,16,False,0.23,23,False,0,
ACP5,0.45,45,False,0.28,28,False,0.26,26,False,0,
ACP6,0.32,32,False,0.31,31,False,0.21,21,False,0,
ACRBP,0.17,17,False,0.08,8,False,0.12,12,False,0,
ACRV1,0.49,49,False,0.27,27,False,0.28,28,False,0,
ACSL1,0.45,45,False,0.29,29,False,0.26,26,False,0,
ACTA2,0.42,42,False,0.13,13,False,0.24,24,False,0,
ACTN2,0.38,38,False,0.17,17,False,0.22,22,False,0,
ACTN4,0.53,53,False,0.23,23,False,0.3,30,False,0,
ACVRL1,0.22,22,False,0.96,96,True,0.76,76,False,1,HF
ACY1,0.25,25,False,0.1,10,False,0.17,17,False,0,
ACY3,0.3,30,False,0.17,17,False,0.23,23,False,0,
ACYP1,0.15,15,False,0.05,5,False,0.12,12,False,0,
ADA,0.23,23,False,0.15,15,False,0.19,19,False,0,
ADA2,0.48,48,False,0.13,13,False,0.68,68,False,0,
ADAM12,0.25,25,False,0.14,14,False,0.19,19,False,0,
ADAM15,0.42,42,False,0.25,25,False,0.28,28,False,0,
ADAM22,0.23,23,False,0.17,17,False,0.2,20,False,0,
ADAM23,0.54,54,False,0.12,12,False,0.23,23,False,0,
ADAM8,0.24,24,False,0.14,14,False,0.16,16,False,0,
ADAM9,0.24,24,False,0.11,11,False,0.11,11,False,0,
ADAMTS1,0.63,63,False,0.69,69,False,0.52,52,False,0,
ADAMTS13,1.0,100,True,0.68,68,False,1.0,100,True,2,ASCVD;Total_CVD
ADAMTS15,0.26,26,False,0.15,15,False,0.22,22,False,0,
ADAMTS16,0.4,40,False,0.17,17,False,0.23,23,False,0,
ADAMTS4,0.42,42,False,0.2,20,False,0.23,23,False,0,
ADAMTS8,0.54,54,False,0.28,28,False,0.31,31,False,0,
ADAMTSL2,0.25,25,False,0.14,14,False,0.14,14,False,0,
ADAMTSL4,0.47,47,False,0.76,76,False,0.71,71,False,0,
ADAMTSL5,0.47,47,False,0.23,23,False,0.31,31,False,0,
ADCYAP1R1,0.57,57,False,0.36,36,False,0.35,35,False,0,
ADD1,0.15,15,False,0.1,10,False,0.12,12,False,0,
ADGRB3,0.44,44,False,0.14,14,False,0.21,21,False,0,
ADGRD1,0.35,35,False,0.19,19,False,0.22,22,False,0,
ADGRE1,0.27,27,False,0.13,13,False,0.17,17,False,0,
ADGRE2,0.38,38,False,0.13,13,False,0.22,22,False,0,
ADGRE5,0.23,23,False,0.15,15,False,0.72,72,False,0,
ADGRF5,0.19,19,False,0.09,9,False,0.15,15,False,0,
ADGRG1,0.5,50,False,0.32,32,False,0.37,37,False,0,
ADGRG2,0.69,69,False,0.28,28,False,0.4,40,False,0,
ADGRV1,0.53,53,False,0.62,62,False,0.42,42,False,0,
ADH1B,0.33,33,False,0.14,14,False,0.19,19,False,0,
ADH4,0.3,30,False,0.13,13,False,0.18,18,False,0,
ADIPOQ,0.4,40,False,0.47,47,False,0.37,37,False,0,
ADM,0.33,33,False,0.37,37,False,0.21,21,False,0,
ADRA2A,0.39,39,False,0.2,20,False,0.24,24,False,0,
AFAP1,0.23,23,False,0.28,28,False,0.17,17,False,0,
AFM,0.29,29,False,0.24,24,False,0.23,23,False,0,
AFP,0.65,65,False,0.36,36,False,0.36,36,False,0,
AGBL2,0.55,55,False,0.42,42,False,0.33,33,False,0,
AGER,0.99,99,True,1.0,100,True,1.0,100,True,3,ASCVD;HF;Total_CVD
AGR2,0.61,61,False,0.37,37,False,0.93,93,True,1,Total_CVD
AGR3,0.48,48,False,0.21,21,False,0.25,25,False,0,
AGRN,0.2,20,False,0.14,14,False,0.14,14,False,0,
AGRP,0.32,32,False,0.25,25,False,0.18,18,False,0,
AGT,0.53,53,False,0.27,27,False,0.32,32,False,0,
AGXT,0.31,31,False,0.21,21,False,0.19,19,False,0,
AHCY,0.13,13,False,0.09,9,False,0.11,11,False,0,
AHNAK,0.27,27,False,0.1,10,False,0.13,13,False,0,
AHNAK2,0.33,33,False,0.16,16,False,0.17,17,False,0,
AHSA1,0.2,20,False,0.17,17,False,0.18,18,False,0,
AHSG,0.63,63,False,0.22,22,False,0.23,23,False,0,
AHSP,0.45,45,False,0.25,25,False,0.2,20,False,0,
AIDA,0.38,38,False,0.18,18,False,0.22,22,False,0,
AIF1,0.17,17,False,0.08,8,False,0.15,15,False,0,
AIF1L,0.37,37,False,0.16,16,False,0.25,25,False,0,
AIFM1,0.15,15,False,0.06,6,False,0.11,11,False,0,
AK1,0.24,24,False,0.09,9,False,0.15,15,False,0,
AK2,0.09,9,False,0.07,7,False,0.12,12,False,0,
AKAP12,0.39,39,False,0.21,21,False,0.22,22,False,0,
AKR1B1,0.15,15,False,0.08,8,False,0.1,10,False,0,
AKR1B10,0.86,86,True,0.18,18,False,0.65,65,False,1,ASCVD
AKR1C4,0.42,42,False,0.21,21,False,0.25,25,False,0,
AKR7L,0.27,27,False,0.14,14,False,0.17,17,False,0,
AKT1S1,0.18,18,False,0.06,6,False,0.11,11,False,0,
AKT2,0.11,11,False,0.05,5,False,0.13,13,False,0,
AKT3,0.12,12,False,0.07,7,False,0.14,14,False,0,
ALCAM,0.24,24,False,0.09,9,False,0.11,11,False,0,
ALDH1A1,0.24,24,False,0.15,15,False,0.19,19,False,0,
ALDH2,0.43,43,False,0.21,21,False,0.24,24,False,0,
ALDH3A1,0.75,75,False,0.27,27,False,0.31,31,False,0,
ALDH5A1,0.28,28,False,0.09,9,False,0.17,17,False,0,
ALMS1,0.43,43,False,0.23,23,False,0.24,24,False,0,
ALPI,0.47,47,False,0.32,32,False,0.3,30,False,0,
ALPP,0.52,52,False,0.29,29,False,0.24,24,False,0,
AMBN,0.5,50,False,0.28,28,False,0.48,48,False,0,
AMBP,0.49,49,False,0.19,19,False,0.28,28,False,0,
AMDHD2,0.35,35,False,0.37,37,False,0.21,21,False,0,
AMFR,0.24,24,False,0.27,27,False,0.18,18,False,0,
AMIGO1,0.56,56,False,0.43,43,False,0.6,60,False,0,
AMIGO2,0.3,30,False,0.16,16,False,0.39,39,False,0,
AMN,0.88,88,True,0.22,22,False,0.31,31,False,1,ASCVD
AMOT,0.59,59,False,0.24,24,False,0.66,66,False,0,
AMOTL2,0.23,23,False,0.14,14,False,0.16,16,False,0,
AMPD3,0.46,46,False,0.17,17,False,0.24,24,False,0,
AMY1A_AMY1B_AMY1C,0.56,56,False,0.32,32,False,0.27,27,False,0,
AMY2A,0.48,48,False,0.59,59,False,0.36,36,False,0,
AMY2B,0.63,63,False,0.32,32,False,0.66,66,False,0,
ANG,0.35,35,False,0.11,11,False,0.17,17,False,0,
ANGPT1,0.16,16,False,0.1,10,False,0.14,14,False,0,
ANGPT2,0.38,38,False,0.96,96,True,0.75,75,False,1,HF
ANGPTL1,0.38,38,False,0.16,16,False,0.2,20,False,0,
ANGPTL2,0.23,23,False,0.14,14,False,0.18,18,False,0,
ANGPTL3,0.47,47,False,0.62,62,False,0.51,51,False,0,
ANGPTL4,0.25,25,False,0.38,38,False,0.27,27,False,0,
ANGPTL7,0.31,31,False,0.13,13,False,0.2,20,False,0,
ANK2,0.49,49,False,0.28,28,False,0.29,29,False,0,
ANKMY2,0.17,17,False,0.04,4,False,0.1,10,False,0,
ANKRA2,0.49,49,False,0.3,30,False,0.27,27,False,0,
ANKRD54,0.21,21,False,0.15,15,False,0.17,17,False,0,
ANP32C,0.56,56,False,0.29,29,False,0.27,27,False,0,
ANPEP,0.4,40,False,0.19,19,False,0.33,33,False,0,
ANXA1,0.28,28,False,0.18,18,False,0.2,20,False,0,
ANXA10,0.47,47,False,0.18,18,False,0.26,26,False,0,
ANXA11,0.15,15,False,0.07,7,False,0.11,11,False,0,
ANXA2,0.17,17,False,0.08,8,False,0.15,15,False,0,
ANXA3,0.11,11,False,0.06,6,False,0.12,12,False,0,
ANXA4,0.12,12,False,0.08,8,False,0.14,14,False,0,
ANXA5,0.33,33,False,0.18,18,False,0.34,34,False,0,
AOC1,0.59,59,False,0.64,64,False,0.34,34,False,0,
AOC3,0.48,48,False,0.25,25,False,0.32,32,False,0,
AP1G2,0.12,12,False,0.11,11,False,0.1,10,False,0,
AP2B1,0.11,11,False,0.08,8,False,0.13,13,False,0,
AP3B1,0.14,14,False,0.07,7,False,0.11,11,False,0,
AP3S2,0.17,17,False,0.09,9,False,0.12,12,False,0,
APBB1IP,0.23,23,False,0.09,9,False,0.19,19,False,0,
APCS,0.31,31,False,0.17,17,False,0.2,20,False,0,
APEX1,0.19,19,False,0.11,11,False,0.19,19,False,0,
APLP1,0.59,59,False,0.23,23,False,0.79,79,False,0,
APOA1,0.52,52,False,0.16,16,False,0.28,28,False,0,
APOA2,0.4,40,False,0.18,18,False,0.29,29,False,0,
APOA4,0.21,21,False,0.15,15,False,0.17,17,False,0,
APOB,0.43,43,False,0.39,39,False,0.22,22,False,0,
APOBR,0.58,58,False,0.45,45,False,0.29,29,False,0,
APOC1,0.5,50,False,0.89,89,True,0.59,59,False,1,HF
APOD,0.53,53,False,0.23,23,False,0.27,27,False,0,
APOE,0.58,58,False,0.31,31,False,0.76,76,False,0,
APOF,0.41,41,False,0.16,16,False,0.26,26,False,0,
APOH,0.41,41,False,0.19,19,False,0.25,25,False,0,
APOL1,0.44,44,False,0.22,22,False,0.23,23,False,0,
APOM,0.43,43,False,0.19,19,False,0.28,28,False,0,
APP,0.17,17,False,0.08,8,False,0.15,15,False,0,
APPL2,0.11,11,False,0.06,6,False,0.12,12,False,0,
APRT,0.22,22,False,0.08,8,False,0.17,17,False,0,
ARAF,0.56,56,False,0.13,13,False,0.6,60,False,0,
AREG,0.28,28,False,0.69,69,False,0.4,40,False,0,
ARF6,0.14,14,False,0.06,6,False,0.1,10,False,0,
ARFIP1,0.11,11,False,0.11,11,False,0.12,12,False,0,
ARG1,0.45,45,False,0.32,32,False,0.34,34,False,0,
ARG2,0.23,23,False,0.07,7,False,0.2,20,False,0,
ARHGAP1,0.17,17,False,0.07,7,False,0.14,14,False,0,
ARHGAP25,0.16,16,False,0.09,9,False,0.16,16,False,0,
ARHGAP30,0.38,38,False,0.14,14,False,0.21,21,False,0,
ARHGAP45,0.13,13,False,0.04,4,False,0.08,8,False,0,
ARHGAP5,0.34,34,False,0.54,54,False,0.2,20,False,0,
ARHGEF1,0.15,15,False,0.09,9,False,0.1,10,False,0,
ARHGEF10,0.12,12,False,0.06,6,False,0.11,11,False,0,
ARHGEF12,0.11,11,False,0.05,5,False,0.09,9,False,0,
ARHGEF5,0.43,43,False,0.1,10,False,0.21,21,False,0,
ARID3A,0.4,40,False,0.3,30,False,0.29,29,False,0,
ARID4B,0.29,29,False,0.32,32,False,0.21,21,False,0,
ARL13B,0.13,13,False,0.05,5,False,0.17,17,False,0,
ARL2BP,0.13,13,False,0.05,5,False,0.09,9,False,0,
ARMCX2,0.52,52,False,0.36,36,False,0.32,32,False,0,
ARNT,0.48,48,False,0.31,31,False,0.49,49,False,0,
ARNTL,0.59,59,False,0.31,31,False,0.32,32,False,0,
ARSA,0.27,27,False,0.1,10,False,0.14,14,False,0,
ARSB,0.16,16,False,0.05,5,False,0.12,12,False,0,
ART3,0.65,65,False,1.0,100,True,1.0,100,True,2,HF;Total_CVD
ART5,0.55,55,False,0.35,35,False,0.32,32,False,0,
ARTN,0.57,57,False,0.46,46,False,0.31,31,False,0,
ASAH1,0.25,25,False,0.08,8,False,0.55,55,False,0,
ASAH2,0.49,49,False,0.56,56,False,0.39,39,False,0,
ASGR1,0.22,22,False,0.43,43,False,0.13,13,False,0,
ASGR2,0.23,23,False,0.13,13,False,0.22,22,False,0,
ASPN,0.35,35,False,0.17,17,False,0.21,21,False,0,
ASPSCR1,0.15,15,False,0.06,6,False,0.13,13,False,0,
ASRGL1,0.13,13,False,0.06,6,False,0.14,14,False,0,
ASS1,0.45,45,False,0.37,37,False,0.32,32,False,0,
ATF2,0.45,45,False,0.28,28,False,0.29,29,False,0,
ATF4,0.38,38,False,0.24,24,False,0.24,24,False,0,
ATG16L1,0.13,13,False,0.05,5,False,0.09,9,False,0,
ATG4A,0.16,16,False,0.08,8,False,0.13,13,False,0,
ATOX1,0.13,13,False,0.11,11,False,0.15,15,False,0,
ATP1B1,0.54,54,False,0.29,29,False,0.27,27,False,0,
ATP1B2,0.36,36,False,0.19,19,False,0.22,22,False,0,
ATP1B3,0.4,40,False,0.27,27,False,0.23,23,False,0,
ATP1B4,0.42,42,False,0.3,30,False,0.3,30,False,0,
ATP2B4,0.43,43,False,0.21,21,False,0.27,27,False,0,
ATP5F1D,0.5,50,False,0.25,25,False,0.29,29,False,0,
ATP5IF1,0.11,11,False,0.06,6,False,0.09,9,False,0,
ATP5PO,0.91,91,True,0.3,30,False,0.39,39,False,1,ASCVD
ATP6AP2,0.42,42,False,0.12,12,False,0.17,17,False,0,
ATP6V1D,0.49,49,False,0.44,44,False,0.28,28,False,0,
ATP6V1F,0.14,14,False,0.07,7,False,0.18,18,False,0,
ATP6V1G1,0.14,14,False,0.07,7,False,0.14,14,False,0,
ATP6V1G2,0.47,47,False,0.41,41,False,0.37,37,False,0,
ATRAID,0.21,21,False,0.09,9,False,0.3,30,False,0,
ATRN,0.62,62,False,0.28,28,False,0.53,53,False,0,
ATXN10,0.12,12,False,0.07,7,False,0.12,12,False,0,
ATXN2,0.22,22,False,0.14,14,False,0.24,24,False,0,
ATXN2L,0.62,62,False,0.07,7,False,0.59,59,False,0,
ATXN3,0.09,9,False,0.09,9,False,0.11,11,False,0,
AXIN1,0.12,12,False,0.05,5,False,0.11,11,False,0,
AXL,0.4,40,False,0.11,11,False,0.54,54,False,0,
AZI2,0.15,15,False,0.09,9,False,0.09,9,False,0,
AZU1,0.32,32,False,0.18,18,False,0.22,22,False,0,
B2M,0.26,26,False,0.09,9,False,0.18,18,False,0,
B3GAT3,0.5,50,False,0.24,24,False,0.27,27,False,0,
B3GNT7,0.47,47,False,0.22,22,False,0.3,30,False,0,
B4GALT1,0.18,18,False,0.35,35,False,0.28,28,False,0,
B4GAT1,0.69,69,False,0.85,85,True,0.98,98,True,2,HF;Total_CVD
BABAM1,0.34,34,False,0.15,15,False,0.2,20,False,0,
BACH1,0.15,15,False,0.07,7,False,0.13,13,False,0,
BAG3,0.36,36,False,0.2,20,False,0.17,17,False,0,
BAG4,0.15,15,False,0.07,7,False,0.1,10,False,0,
BAG6,0.11,11,False,0.07,7,False,0.11,11,False,0,
BAIAP2,0.18,18,False,0.28,28,False,0.12,12,False,0,
BAMBI,0.33,33,False,0.26,26,False,0.28,28,False,0,
BANK1,0.12,12,False,0.06,6,False,0.07,7,False,0,
BAP18,0.24,24,False,0.12,12,False,0.15,15,False,0,
BATF,0.57,57,False,0.25,25,False,0.31,31,False,0,
BAX,0.15,15,False,0.07,7,False,0.11,11,False,0,
BCAM,0.56,56,False,0.16,16,False,0.35,35,False,0,
BCAN,1.0,100,True,0.98,98,True,0.99,99,True,3,ASCVD;HF;Total_CVD
BCAT1,0.24,24,False,0.12,12,False,0.19,19,False,0,
BCAT2,0.55,55,False,0.38,38,False,0.39,39,False,0,
BCHE,0.37,37,False,0.19,19,False,0.19,19,False,0,
BCL2,0.24,24,False,0.13,13,False,0.28,28,False,0,
BCL2L1,0.11,11,False,0.04,4,False,0.08,8,False,0,
BCL2L11,0.22,22,False,0.09,9,False,0.19,19,False,0,
BCL2L15,0.27,27,False,0.11,11,False,0.15,15,False,0,
BCL7A,0.61,61,False,0.32,32,False,0.34,34,False,0,
BCL7B,0.48,48,False,0.37,37,False,0.34,34,False,0,
BCR,0.14,14,False,0.03,3,False,0.09,9,False,0,
BDNF,0.17,17,False,0.09,9,False,0.12,12,False,0,
BECN1,0.12,12,False,0.05,5,False,0.13,13,False,0,
BEX3,0.52,52,False,0.29,29,False,0.25,25,False,0,
BGLAP,0.44,44,False,0.22,22,False,0.32,32,False,0,
BGN,0.19,19,False,0.15,15,False,0.17,17,False,0,
BHLHE40,0.54,54,False,0.29,29,False,0.31,31,False,0,
BHMT2,0.3,30,False,0.16,16,False,0.18,18,False,0,
BID,0.15,15,False,0.07,7,False,0.13,13,False,0,
BIN2,0.11,11,False,0.06,6,False,0.1,10,False,0,
BIRC2,0.13,13,False,0.05,5,False,0.1,10,False,0,
BLMH,0.17,17,False,0.33,33,False,0.87,87,True,1,Total_CVD
BLNK,0.31,31,False,0.09,9,False,0.21,21,False,0,
BLOC1S2,0.45,45,False,0.25,25,False,0.3,30,False,0,
BLOC1S3,0.13,13,False,0.06,6,False,0.11,11,False,0,
BLVRB,0.38,38,False,0.17,17,False,0.24,24,False,0,
BMP10,0.45,45,False,0.18,18,False,0.24,24,False,0,
BMP4,0.47,47,False,0.16,16,False,0.22,22,False,0,
BMP6,0.24,24,False,0.12,12,False,0.17,17,False,0,
BMPER,0.21,21,False,0.13,13,False,0.21,21,False,0,
BNIP2,0.17,17,False,0.12,12,False,0.12,12,False,0,
BNIP3L,0.19,19,False,0.07,7,False,0.21,21,False,0,
BOC,0.42,42,False,0.23,23,False,0.26,26,False,0,
BOLA1,0.18,18,False,0.17,17,False,0.16,16,False,0,
BOLA2_BOLA2B,0.16,16,False,0.06,6,False,0.16,16,False,0,
BPIFA2,0.43,43,False,0.54,54,False,0.54,54,False,0,
BPIFB1,0.5,50,False,0.33,33,False,0.31,31,False,0,
BPIFB2,0.39,39,False,0.2,20,False,0.21,21,False,0,
BRAP,0.12,12,False,0.05,5,False,0.11,11,False,0,
BRD1,0.53,53,False,0.19,19,False,0.2,20,False,0,
BRD2,0.27,27,False,0.15,15,False,0.17,17,False,0,
BRD3,0.28,28,False,0.38,38,False,0.17,17,False,0,
BRDT,0.19,19,False,0.09,9,False,0.16,16,False,0,
BRK1,0.29,29,False,0.18,18,False,0.21,21,False,0,
BRME1,0.54,54,False,0.23,23,False,0.28,28,False,0,
BRSK2,0.17,17,False,0.13,13,False,0.15,15,False,0,
BSG,0.24,24,False,0.44,44,False,0.32,32,False,0,
BSND,0.56,56,False,0.33,33,False,0.32,32,False,0,
BST1,0.56,56,False,0.31,31,False,0.57,57,False,0,
BST2,0.6,60,False,0.23,23,False,0.4,40,False,0,
BTC,0.16,16,False,0.12,12,False,0.14,14,False,0,
BTD,0.49,49,False,0.46,46,False,0.27,27,False,0,
BTLA,0.5,50,False,0.36,36,False,0.29,29,False,0,
BTN1A1,0.54,54,False,0.45,45,False,0.35,35,False,0,
BTN2A1,0.17,17,False,0.11,11,False,0.25,25,False,0,
BTN3A2,0.21,21,False,0.45,45,False,0.18,18,False,0,
BTNL10,0.97,97,True,0.3,30,False,0.67,67,False,1,ASCVD
C19orf12,0.35,35,False,0.15,15,False,0.23,23,False,0,
C1GALT1C1,0.33,33,False,0.14,14,False,0.21,21,False,0,
C1QA,0.64,64,False,0.22,22,False,0.41,41,False,0,
C1QBP,0.32,32,False,0.16,16,False,0.21,21,False,0,
C1QL2,0.43,43,False,0.27,27,False,0.27,27,False,0,
C1QTNF1,0.33,33,False,0.13,13,False,0.2,20,False,0,
C1QTNF5,0.43,43,False,0.21,21,False,0.31,31,False,0,
C1QTNF6,0.38,38,False,0.23,23,False,0.46,46,False,0,
C1QTNF9,0.53,53,False,0.2,20,False,0.29,29,False,0,
C1R,0.43,43,False,0.24,24,False,0.22,22,False,0,
C1RL,0.35,35,False,0.18,18,False,0.32,32,False,0,
C1S,0.45,45,False,0.21,21,False,0.28,28,False,0,
C2,0.33,33,False,0.23,23,False,0.24,24,False,0,
C2CD2L,0.59,59,False,0.13,13,False,0.25,25,False,0,
C2orf69,0.19,19,False,0.11,11,False,0.18,18,False,0,
C3,0.31,31,False,0.18,18,False,0.2,20,False,0,
C4BPB,0.37,37,False,0.28,28,False,0.26,26,False,0,
C5,0.37,37,False,0.2,20,False,0.24,24,False,0,
C7,0.43,43,False,0.38,38,False,0.59,59,False,0,
C7orf50,0.26,26,False,0.09,9,False,0.16,16,False,0,
C8B,0.55,55,False,0.28,28,False,0.46,46,False,0,
C9,0.99,99,True,0.37,37,False,0.87,87,True,2,ASCVD;Total_CVD
C9orf40,0.4,40,False,0.21,21,False,0.22,22,False,0,
CA1,0.35,35,False,0.2,20,False,0.22,22,False,0,
CA11,0.55,55,False,0.38,38,False,0.41,41,False,0,
CA12,0.19,19,False,0.22,22,False,0.18,18,False,0,
CA13,0.16,16,False,0.05,5,False,0.11,11,False,0,
CA14,0.54,54,False,0.36,36,False,0.33,33,False,0,
CA2,0.31,31,False,0.11,11,False,0.17,17,False,0,
CA3,0.41,41,False,0.12,12,False,0.19,19,False,0,
CA4,0.47,47,False,0.61,61,False,0.43,43,False,0,
CA5A,0.28,28,False,0.13,13,False,0.19,19,False,0,
CA6,0.59,59,False,0.97,97,True,0.96,96,True,2,HF;Total_CVD
CA7,0.62,62,False,0.46,46,False,0.31,31,False,0,
CA8,0.76,76,False,0.93,93,True,0.96,96,True,2,HF;Total_CVD
CA9,0.45,45,False,0.16,16,False,0.26,26,False,0,
CABP2,0.53,53,False,0.1,10,False,0.15,15,False,0,
CACNA1C,0.46,46,False,0.26,26,False,0.27,27,False,0,
CACNA1H,0.61,61,False,0.35,35,False,0.31,31,False,0,
CACNB1,0.44,44,False,0.68,68,False,0.28,28,False,0,
CACNB3,0.11,11,False,0.1,10,False,0.08,8,False,0,
CACYBP,0.14,14,False,0.06,6,False,0.09,9,False,0,
CADPS,0.46,46,False,0.28,28,False,0.32,32,False,0,
CALB1,0.36,36,False,0.16,16,False,0.21,21,False,0,
CALB2,0.36,36,False,0.11,11,False,0.19,19,False,0,
CALCA,0.33,33,False,0.46,46,False,0.28,28,False,0,
CALCB,0.4,40,False,0.14,14,False,0.21,21,False,0,
CALCOCO1,0.14,14,False,0.05,5,False,0.11,11,False,0,
CALCOCO2,0.14,14,False,0.04,4,False,0.1,10,False,0,
CALY,0.46,46,False,0.22,22,False,0.27,27,False,0,
CAMKK1,0.16,16,False,0.06,6,False,0.13,13,False,0,
CAMLG,0.22,22,False,0.12,12,False,0.18,18,False,0,
CAMSAP1,0.14,14,False,0.08,8,False,0.11,11,False,0,
CANT1,0.17,17,False,0.06,6,False,0.15,15,False,0,
CAPG,0.36,36,False,0.13,13,False,0.21,21,False,0,
CAPN3,0.57,57,False,0.46,46,False,0.36,36,False,0,
CAPS,0.5,50,False,0.2,20,False,0.34,34,False,0,
CARHSP1,0.33,33,False,0.11,11,False,0.21,21,False,0,
CASC3,0.12,12,False,0.06,6,False,0.1,10,False,0,
CASP1,0.28,28,False,0.35,35,False,0.24,24,False,0,
CASP10,0.16,16,False,0.09,9,False,0.15,15,False,0,
CASP2,0.15,15,False,0.08,8,False,0.1,10,False,0,
CASP3,0.12,12,False,0.06,6,False,0.1,10,False,0,
CASP4,0.56,56,False,0.34,34,False,0.31,31,False,0,
CASP7,0.14,14,False,0.04,4,False,0.1,10,False,0,
CASP8,0.09,9,False,0.07,7,False,0.14,14,False,0,
CASP9,0.34,34,False,0.49,49,False,0.21,21,False,0,
CASQ2,0.54,54,False,0.36,36,False,0.46,46,False,0,
CAT,0.3,30,False,0.16,16,False,0.2,20,False,0,
CBLIF,0.43,43,False,0.21,21,False,0.27,27,False,0,
CBLN1,0.61,61,False,0.29,29,False,0.56,56,False,0,
CBLN4,0.53,53,False,0.33,33,False,0.28,28,False,0,
CBS,0.39,39,False,0.35,35,False,0.47,47,False,0,
CBX2,0.46,46,False,0.26,26,False,0.3,30,False,0,
CC2D1A,0.1,10,False,0.04,4,False,0.11,11,False,0,
CCAR2,0.34,34,False,0.29,29,False,0.24,24,False,0,
CCDC134,0.43,43,False,0.07,7,False,0.32,32,False,0,
CCDC28A,0.54,54,False,0.42,42,False,0.33,33,False,0,
CCDC50,0.33,33,False,0.22,22,False,0.28,28,False,0,
CCDC80,0.38,38,False,0.11,11,False,0.22,22,False,0,
CCER2,0.31,31,False,0.23,23,False,0.22,22,False,0,
CCL11,0.45,45,False,0.18,18,False,0.24,24,False,0,
CCL13,0.36,36,False,0.07,7,False,0.15,15,False,0,
CCL14,0.26,26,False,0.2,20,False,0.15,15,False,0,
CCL15,0.37,37,False,0.13,13,False,0.19,19,False,0,
CCL16,0.38,38,False,0.2,20,False,0.25,25,False,0,
CCL17,0.16,16,False,0.87,87,True,0.29,29,False,1,HF
CCL18,0.36,36,False,0.37,37,False,0.23,23,False,0,
CCL19,0.4,40,False,0.38,38,False,0.35,35,False,0,
CCL2,0.44,44,False,0.15,15,False,0.29,29,False,0,
CCL20,0.33,33,False,0.13,13,False,0.18,18,False,0,
CCL21,0.35,35,False,0.33,33,False,0.25,25,False,0,
CCL22,0.28,28,False,0.1,10,False,0.22,22,False,0,
CCL23,0.22,22,False,0.25,25,False,0.25,25,False,0,
CCL24,0.47,47,False,0.45,45,False,0.41,41,False,0,
CCL25,0.78,78,False,0.13,13,False,0.48,48,False,0,
CCL26,0.59,59,False,0.45,45,False,0.58,58,False,0,
CCL27,0.36,36,False,0.1,10,False,0.19,19,False,0,
CCL28,0.23,23,False,0.12,12,False,0.24,24,False,0,
CCL3,0.34,34,False,0.19,19,False,0.19,19,False,0,
CCL4,0.39,39,False,0.13,13,False,0.21,21,False,0,
CCL5,0.18,18,False,0.08,8,False,0.12,12,False,0,
CCL7,0.64,64,False,0.45,45,False,0.37,37,False,0,
CCL8,0.22,22,False,0.25,25,False,0.44,44,False,0,
CCN1,0.37,37,False,0.1,10,False,0.18,18,False,0,
CCN2,0.15,15,False,0.09,9,False,0.13,13,False,0,
CCN3,0.75,75,False,0.59,59,False,0.37,37,False,0,
CCN4,0.23,23,False,0.1,10,False,0.14,14,False,0,
CCN5,0.72,72,False,0.17,17,False,0.25,25,False,0,
CCND2,0.53,53,False,0.28,28,False,0.25,25,False,0,
CCNE1,0.45,45,False,0.24,24,False,0.25,25,False,0,
CCS,0.22,22,False,0.11,11,False,0.15,15,False,0,
CCT5,0.16,16,False,0.06,6,False,0.15,15,False,0,
CD101,0.41,41,False,0.68,68,False,0.58,58,False,0,
CD109,0.32,32,False,0.38,38,False,0.2,20,False,0,
CD14,0.29,29,False,0.15,15,False,0.19,19,False,0,
CD160,0.24,24,False,0.07,7,False,0.15,15,False,0,
CD163,0.2,20,False,0.13,13,False,0.15,15,False,0,
CD164,0.25,25,False,0.07,7,False,0.14,14,False,0,
CD164L2,0.5,50,False,0.39,39,False,0.41,41,False,0,
CD177,0.54,54,False,0.49,49,False,0.31,31,False,0,
CD1C,0.55,55,False,0.24,24,False,0.26,26,False,0,
CD2,0.48,48,False,0.54,54,False,0.36,36,False,0,
CD200,0.35,35,False,0.36,36,False,0.2,20,False,0,
CD200R1,0.98,98,True,0.22,22,False,0.33,33,False,1,ASCVD
CD207,0.42,42,False,0.61,61,False,0.3,30,False,0,
CD209,0.55,55,False,0.24,24,False,0.39,39,False,0,
CD22,0.38,38,False,0.16,16,False,0.22,22,False,0,
CD226,0.14,14,False,0.1,10,False,0.14,14,False,0,
CD244,0.27,27,False,0.11,11,False,0.19,19,False,0,
CD248,0.6,60,False,0.13,13,False,0.68,68,False,0,
CD27,0.3,30,False,0.1,10,False,0.14,14,False,0,
CD274,0.23,23,False,0.22,22,False,0.25,25,False,0,
CD276,0.51,51,False,0.18,18,False,0.39,39,False,0,
CD28,0.36,36,False,0.42,42,False,0.21,21,False,0,
CD2AP,0.14,14,False,0.06,6,False,0.12,12,False,0,
CD300A,0.31,31,False,0.09,9,False,0.16,16,False,0,
CD300C,0.16,16,False,0.05,5,False,0.28,28,False,0,
CD300E,0.27,27,False,0.1,10,False,0.13,13,False,0,
CD300LF,0.31,31,False,0.14,14,False,0.28,28,False,0,
CD300LG,0.39,39,False,0.27,27,False,0.63,63,False,0,
CD302,0.74,74,False,0.23,23,False,0.69,69,False,0,
CD33,0.4,40,False,0.84,84,True,0.4,40,False,1,HF
CD34,0.42,42,False,0.28,28,False,0.53,53,False,0,
CD36,0.19,19,False,0.15,15,False,0.16,16,False,0,
CD38,0.32,32,False,0.09,9,False,0.22,22,False,0,
CD3D,0.44,44,False,0.56,56,False,0.83,83,True,1,Total_CVD
CD3E,0.55,55,False,0.28,28,False,0.29,29,False,0,
CD3G,0.62,62,False,0.3,30,False,0.49,49,False,0,
CD4,0.57,57,False,0.1,10,False,0.3,30,False,0,
CD40,0.18,18,False,0.07,7,False,0.11,11,False,0,
CD40LG,0.17,17,False,0.09,9,False,0.14,14,False,0,
CD46,0.15,15,False,0.07,7,False,0.12,12,False,0,
CD48,0.2,20,False,0.12,12,False,0.13,13,False,0,
CD5,0.19,19,False,0.16,16,False,0.19,19,False,0,
CD55,0.2,20,False,0.15,15,False,0.16,16,False,0,
CD58,0.37,37,False,0.17,17,False,0.23,23,False,0,
CD59,0.11,11,False,0.12,12,False,0.12,12,False,0,
CD5L,0.45,45,False,0.17,17,False,0.2,20,False,0,
CD6,0.41,41,False,0.63,63,False,0.64,64,False,0,
CD63,0.14,14,False,0.05,5,False,0.13,13,False,0,
CD69,0.1,10,False,0.05,5,False,0.13,13,False,0,
CD7,0.36,36,False,0.12,12,False,0.2,20,False,0,
CD70,0.8,80,True,0.23,23,False,0.34,34,False,1,ASCVD
CD72,0.21,21,False,0.11,11,False,0.14,14,False,0,
CD74,0.27,27,False,0.23,23,False,0.19,19,False,0,
CD79B,0.22,22,False,0.15,15,False,0.13,13,False,0,
CD80,0.53,53,False,0.61,61,False,0.26,26,False,0,
CD82,0.48,48,False,0.24,24,False,0.3,30,False,0,
CD83,0.38,38,False,0.13,13,False,0.18,18,False,0,
CD84,0.19,19,False,0.15,15,False,0.19,19,False,0,
CD86,0.44,44,False,0.32,32,False,0.25,25,False,0,
CD8A,0.8,80,True,0.28,28,False,0.56,56,False,1,ASCVD
CD93,0.19,19,False,0.11,11,False,0.13,13,False,0,
CD99,0.21,21,False,0.1,10,False,0.14,14,False,0,
CD99L2,0.16,16,False,0.08,8,False,0.13,13,False,0,
CDA,0.36,36,False,0.13,13,False,0.21,21,False,0,
CDAN1,0.49,49,False,0.31,31,False,0.37,37,False,0,
CDC123,0.55,55,False,0.27,27,False,0.35,35,False,0,
CDC25A,0.52,52,False,0.3,30,False,0.39,39,False,0,
CDC26,0.14,14,False,0.06,6,False,0.15,15,False,0,
CDC27,0.15,15,False,0.08,8,False,0.13,13,False,0,
CDC37,0.13,13,False,0.06,6,False,0.09,9,False,0,
CDC42BPB,0.15,15,False,0.05,5,False,0.11,11,False,0,
CDCP1,0.89,89,True,0.89,89,True,0.73,73,False,2,ASCVD;HF
CDH1,0.22,22,False,0.1,10,False,0.13,13,False,0,
CDH15,0.46,46,False,0.22,22,False,0.28,28,False,0,
CDH17,0.55,55,False,0.21,21,False,0.25,25,False,0,
CDH2,0.3,30,False,0.13,13,False,0.21,21,False,0,
CDH22,0.48,48,False,0.24,24,False,0.27,27,False,0,
CDH23,0.62,62,False,0.18,18,False,0.25,25,False,0,
CDH3,0.31,31,False,0.22,22,False,0.39,39,False,0,
CDH4,0.46,46,False,0.3,30,False,0.28,28,False,0,
CDH5,0.26,26,False,0.14,14,False,0.18,18,False,0,
CDH6,0.48,48,False,0.12,12,False,0.19,19,False,0,
CDHR1,0.51,51,False,0.27,27,False,0.31,31,False,0,
CDHR2,0.37,37,False,0.15,15,False,0.23,23,False,0,
CDHR5,0.41,41,False,0.24,24,False,0.31,31,False,0,
CDK1,0.32,32,False,0.14,14,False,0.19,19,False,0,
CDK5RAP3,0.14,14,False,0.09,9,False,0.15,15,False,0,
CDKL5,0.59,59,False,0.26,26,False,0.32,32,False,0,
CDKN1A,0.12,12,False,0.07,7,False,0.07,7,False,0,
CDKN2D,0.14,14,False,0.06,6,False,0.13,13,False,0,
CDNF,0.19,19,False,0.11,11,False,0.14,14,False,0,
CDON,0.41,41,False,0.41,41,False,0.32,32,False,0,
CDSN,0.44,44,False,0.14,14,False,0.25,25,False,0,
CEACAM1,0.39,39,False,0.28,28,False,0.61,61,False,0,
CEACAM16,0.64,64,False,0.32,32,False,0.33,33,False,0,
CEACAM18,0.52,52,False,0.26,26,False,0.33,33,False,0,
CEACAM19,0.36,36,False,0.13,13,False,0.23,23,False,0,
CEACAM20,0.74,74,False,0.21,21,False,0.82,82,True,1,Total_CVD
CEACAM21,0.5,50,False,0.2,20,False,0.24,24,False,0,
CEACAM3,0.49,49,False,0.22,22,False,0.23,23,False,0,
CEACAM5,0.69,69,False,0.99,99,True,1.0,100,True,2,HF;Total_CVD
CEACAM6,0.98,98,True,0.74,74,False,0.85,85,True,2,ASCVD;Total_CVD
CEACAM8,0.36,36,False,0.12,12,False,0.17,17,False,0,
CEBPA,0.4,40,False,0.19,19,False,0.31,31,False,0,
CEBPB,0.59,59,False,0.25,25,False,0.42,42,False,0,
CELA2A,0.96,96,True,0.79,79,False,0.98,98,True,2,ASCVD;Total_CVD
CELA3A,0.44,44,False,0.24,24,False,0.27,27,False,0,
CELSR2,0.43,43,False,0.73,73,False,0.8,80,True,1,Total_CVD
CEMIP2,0.42,42,False,0.16,16,False,0.26,26,False,0,
CEND1,0.53,53,False,0.51,51,False,0.34,34,False,0,
CENPF,0.31,31,False,0.13,13,False,0.22,22,False,0,
CENPJ,0.46,46,False,0.22,22,False,0.23,23,False,0,
CEP112,0.59,59,False,0.27,27,False,0.38,38,False,0,
CEP152,0.4,40,False,0.25,25,False,0.22,22,False,0,
CEP164,0.44,44,False,0.32,32,False,0.35,35,False,0,
CEP170,0.13,13,False,0.11,11,False,0.14,14,False,0,
CEP20,0.15,15,False,0.07,7,False,0.11,11,False,0,
CEP290,0.43,43,False,0.28,28,False,0.27,27,False,0,
CEP350,0.55,55,False,0.38,38,False,0.29,29,False,0,
CEP43,0.11,11,False,0.04,4,False,0.11,11,False,0,
CEP85,0.18,18,False,0.06,6,False,0.17,17,False,0,
CERT,0.1,10,False,0.08,8,False,0.12,12,False,0,
CES1,0.37,37,False,0.15,15,False,0.23,23,False,0,
CES2,0.48,48,False,0.24,24,False,0.3,30,False,0,
CES3,0.58,58,False,0.28,28,False,0.35,35,False,0,
CETN2,0.15,15,False,0.08,8,False,0.11,11,False,0,
CETN3,0.09,9,False,0.08,8,False,0.07,7,False,0,
CFB,0.3,30,False,0.3,30,False,0.23,23,False,0,
CFC1,0.38,38,False,0.11,11,False,0.18,18,False,0,
CFD,0.21,21,False,0.17,17,False,0.16,16,False,0,
CFH,0.18,18,False,0.13,13,False,0.18,18,False,0,
CFHR2,0.5,50,False,0.21,21,False,0.25,25,False,0,
CFHR4,0.55,55,False,0.31,31,False,0.33,33,False,0,
CFHR5,0.45,45,False,0.69,69,False,0.41,41,False,0,
CFI,0.25,25,False,0.17,17,False,0.2,20,False,0,
CFP,0.39,39,False,0.34,34,False,0.24,24,False,0,
CGA,0.44,44,False,0.2,20,False,0.29,29,False,0,
CGB3_CGB5_CGB8,0.61,61,False,0.23,23,False,0.37,37,False,0,
CGN,0.48,48,False,0.16,16,False,0.3,30,False,0,
CGREF1,0.2,20,False,0.1,10,False,0.17,17,False,0,
CHAC2,0.15,15,False,0.08,8,False,0.13,13,False,0,
CHAD,0.51,51,False,0.98,98,True,0.36,36,False,1,HF
CHCHD10,0.27,27,False,0.62,62,False,0.2,20,False,0,
CHCHD6,0.23,23,False,0.14,14,False,0.17,17,False,0,
CHEK2,0.53,53,False,0.35,35,False,0.31,31,False,0,
CHGA,0.87,87,True,0.35,35,False,0.64,64,False,1,ASCVD
CHGB,0.27,27,False,0.48,48,False,0.27,27,False,0,
CHI3L1,0.49,49,False,0.14,14,False,0.2,20,False,0,
CHIT1,0.49,49,False,0.29,29,False,0.27,27,False,0,
CHL1,0.63,63,False,0.29,29,False,0.34,34,False,0,
CHM,0.16,16,False,0.07,7,False,0.12,12,False,0,
CHMP1A,0.11,11,False,0.03,3,False,0.11,11,False,0,
CHMP6,0.14,14,False,0.05,5,False,0.14,14,False,0,
CHP1,0.52,52,False,0.26,26,False,0.25,25,False,0,
CHRDL1,0.26,26,False,0.1,10,False,0.18,18,False,0,
CHRDL2,0.83,83,True,0.59,59,False,0.98,98,True,2,ASCVD;Total_CVD
CHRM1,0.4,40,False,0.19,19,False,0.28,28,False,0,
CIAPIN1,0.12,12,False,0.05,5,False,0.1,10,False,0,
CILP,0.5,50,False,0.47,47,False,0.31,31,False,0,
CINP,0.53,53,False,0.16,16,False,0.28,28,False,0,
CIRBP,0.09,9,False,0.04,4,False,0.1,10,False,0,
CIT,0.27,27,False,0.11,11,False,0.21,21,False,0,
CKAP4,0.23,23,False,0.12,12,False,0.15,15,False,0,
CKB,0.4,40,False,0.16,16,False,0.23,23,False,0,
CKMT1A_CKMT1B,0.65,65,False,0.34,34,False,0.42,42,False,0,
CLASP1,0.29,29,False,0.15,15,False,0.2,20,False,0,
CLC,0.29,29,False,0.12,12,False,0.19,19,False,0,
CLEC10A,0.41,41,False,0.14,14,False,0.19,19,False,0,
CLEC11A,0.29,29,False,0.13,13,False,0.14,14,False,0,
CLEC12A,0.29,29,False,0.2,20,False,0.24,24,False,0,
CLEC14A,0.19,19,False,0.15,15,False,0.14,14,False,0,
CLEC1A,0.23,23,False,0.09,9,False,0.2,20,False,0,
CLEC1B,0.12,12,False,0.06,6,False,0.11,11,False,0,
CLEC2L,0.31,31,False,0.16,16,False,0.2,20,False,0,
CLEC3B,0.72,72,False,0.44,44,False,0.51,51,False,0,
CLEC4A,0.48,48,False,0.23,23,False,0.29,29,False,0,
CLEC4C,0.48,48,False,0.46,46,False,0.59,59,False,0,
CLEC4D,0.22,22,False,0.1,10,False,0.14,14,False,0,
CLEC4G,0.32,32,False,0.15,15,False,0.23,23,False,0,
CLEC4M,0.51,51,False,0.31,31,False,0.29,29,False,0,
CLEC5A,0.23,23,False,0.35,35,False,0.28,28,False,0,
CLEC6A,0.25,25,False,0.15,15,False,0.42,42,False,0,
CLEC7A,0.4,40,False,0.57,57,False,0.4,40,False,0,
CLGN,0.47,47,False,0.2,20,False,0.36,36,False,0,
CLIC5,0.4,40,False,0.18,18,False,0.57,57,False,0,
CLINT1,0.72,72,False,0.31,31,False,0.47,47,False,0,
CLIP2,0.18,18,False,0.05,5,False,0.14,14,False,0,
CLMP,0.14,14,False,0.09,9,False,0.14,14,False,0,
CLNS1A,0.5,50,False,0.18,18,False,0.28,28,False,0,
CLPP,0.12,12,False,0.06,6,False,0.12,12,False,0,
CLPS,0.49,49,False,0.22,22,False,0.32,32,False,0,
CLSPN,0.35,35,False,0.27,27,False,0.41,41,False,0,
CLSTN1,0.54,54,False,0.25,25,False,0.29,29,False,0,
CLSTN2,0.76,76,False,1.0,100,True,0.98,98,True,2,HF;Total_CVD
CLSTN3,0.18,18,False,0.35,35,False,0.18,18,False,0,
CLTA,0.16,16,False,0.07,7,False,0.16,16,False,0,
CLU,0.53,53,False,0.27,27,False,0.26,26,False,0,
CLUL1,0.56,56,False,0.24,24,False,0.36,36,False,0,
CMC1,0.13,13,False,0.04,4,False,0.06,6,False,0,
CMIP,0.13,13,False,0.06,6,False,0.09,9,False,0,
CNDP1,0.52,52,False,0.26,26,False,0.3,30,False,0,
CNGB3,0.45,45,False,0.28,28,False,0.29,29,False,0,
CNP,0.14,14,False,0.07,7,False,0.09,9,False,0,
CNPY2,0.35,35,False,0.21,21,False,0.25,25,False,0,
CNPY4,0.14,14,False,0.06,6,False,0.09,9,False,0,
CNST,0.16,16,False,0.06,6,False,0.1,10,False,0,
CNTF,0.63,63,False,0.25,25,False,0.29,29,False,0,
CNTN1,0.54,54,False,0.91,91,True,0.39,39,False,1,HF
CNTN2,0.71,71,False,0.2,20,False,0.33,33,False,0,
CNTN3,0.34,34,False,0.88,88,True,0.85,85,True,2,HF;Total_CVD
CNTN4,0.45,45,False,0.29,29,False,0.32,32,False,0,
CNTN5,0.77,77,False,0.25,25,False,0.25,25,False,0,
CNTNAP2,0.45,45,False,0.2,20,False,0.41,41,False,0,
CNTNAP4,0.36,36,False,0.26,26,False,0.26,26,False,0,
COCH,0.29,29,False,0.09,9,False,0.17,17,False,0,
COL15A1,0.17,17,False,0.09,9,False,0.13,13,False,0,
COL18A1,0.22,22,False,0.54,54,False,0.16,16,False,0,
COL1A1,0.57,57,False,0.42,42,False,0.98,98,True,1,Total_CVD
COL24A1,0.53,53,False,0.5,50,False,0.66,66,False,0,
COL28A1,0.54,54,False,0.4,40,False,0.32,32,False,0,
COL2A1,0.22,22,False,0.61,61,False,0.36,36,False,0,
COL3A1,0.35,35,False,0.12,12,False,0.23,23,False,0,
COL4A1,0.47,47,False,0.76,76,False,0.94,94,True,1,Total_CVD
COL4A4,0.46,46,False,0.3,30,False,0.35,35,False,0,
COL5A1,0.29,29,False,0.11,11,False,0.18,18,False,0,
COL6A3,0.2,20,False,0.1,10,False,0.16,16,False,0,
COL9A1,0.55,55,False,0.2,20,False,0.63,63,False,0,
COL9A2,0.75,75,False,0.25,25,False,0.33,33,False,0,
COLEC12,0.22,22,False,0.11,11,False,0.15,15,False,0,
COMMD1,0.13,13,False,0.07,7,False,0.11,11,False,0,
COMMD9,0.28,28,False,0.6,60,False,0.43,43,False,0,
COMP,0.53,53,False,0.87,87,True,0.85,85,True,2,HF;Total_CVD
COMT,0.17,17,False,0.14,14,False,0.11,11,False,0,
COPB2,0.2,20,False,0.12,12,False,0.13,13,False,0,
COPE,0.6,60,False,0.31,31,False,0.36,36,False,0,
COQ7,0.42,42,False,0.29,29,False,0.24,24,False,0,
CORO1A,0.12,12,False,0.27,27,False,0.13,13,False,0,
CORO6,0.37,37,False,0.17,17,False,0.2,20,False,0,
COX5B,0.12,12,False,0.06,6,False,0.15,15,False,0,
COX6B1,0.16,16,False,0.07,7,False,0.28,28,False,0,
CPA1,0.43,43,False,0.21,21,False,0.23,23,False,0,
CPA2,0.43,43,False,0.43,43,False,0.53,53,False,0,
CPA4,0.48,48,False,0.18,18,False,0.28,28,False,0,
CPB1,0.36,36,False,0.19,19,False,0.23,23,False,0,
CPB2,0.42,42,False,0.23,23,False,0.28,28,False,0,
CPE,0.54,54,False,0.4,40,False,0.38,38,False,0,
CPLX2,0.53,53,False,0.26,26,False,0.32,32,False,0,
CPM,0.43,43,False,0.21,21,False,0.24,24,False,0,
CPOX,0.33,33,False,0.18,18,False,0.18,18,False,0,
CPPED1,0.2,20,False,0.24,24,False,0.17,17,False,0,
CPQ,0.46,46,False,0.44,44,False,0.39,39,False,0,
CPTP,0.27,27,False,0.22,22,False,0.22,22,False,0,
CPVL,0.55,55,False,0.26,26,False,0.33,33,False,0,
CPXM1,0.2,20,False,0.12,12,False,0.16,16,False,0,
CPXM2,0.23,23,False,0.16,16,False,0.14,14,False,0,
CR1,0.28,28,False,0.11,11,False,0.17,17,False,0,
CR2,0.95,95,True,0.17,17,False,0.5,50,False,1,ASCVD
CRACR2A,0.2,20,False,0.09,9,False,0.11,11,False,0,
CRADD,0.11,11,False,0.04,4,False,0.11,11,False,0,
CREB3,0.43,43,False,0.44,44,False,0.4,40,False,0,
CREBZF,0.43,43,False,0.23,23,False,0.25,25,False,0,
CREG1,0.33,33,False,0.1,10,False,0.17,17,False,0,
CRELD1,0.2,20,False,0.14,14,False,0.15,15,False,0,
CRELD2,0.18,18,False,0.06,6,False,0.1,10,False,0,
CRH,0.51,51,False,0.3,30,False,0.3,30,False,0,
CRHBP,0.27,27,False,0.08,8,False,0.18,18,False,0,
CRHR1,0.51,51,False,0.33,33,False,0.33,33,False,0,
CRIM1,0.48,48,False,0.46,46,False,0.8,80,True,1,Total_CVD
CRIP2,0.6,60,False,0.12,12,False,0.17,17,False,0,
CRISP2,0.72,72,False,0.3,30,False,0.33,33,False,0,
CRISP3,0.78,78,False,0.5,50,False,0.74,74,False,0,
CRKL,0.12,12,False,0.06,6,False,0.08,8,False,0,
CRLF1,0.32,32,False,0.13,13,False,0.19,19,False,0,
CRNN,0.69,69,False,0.66,66,False,0.58,58,False,0,
CRTAC1,0.45,45,False,0.53,53,False,0.29,29,False,0,
CRTAM,0.43,43,False,0.15,15,False,0.28,28,False,0,
CRTAP,0.38,38,False,0.16,16,False,0.18,18,False,0,
CRX,0.53,53,False,0.3,30,False,0.42,42,False,0,
CRYBB1,0.12,12,False,0.06,6,False,0.11,11,False,0,
CRYBB2,0.71,71,False,0.83,83,True,0.83,83,True,2,HF;Total_CVD
CRYGD,0.28,28,False,0.12,12,False,0.15,15,False,0,
CRYM,0.21,21,False,0.17,17,False,0.16,16,False,0,
CRYZL1,0.14,14,False,0.07,7,False,0.1,10,False,0,
CSDE1,0.13,13,False,0.09,9,False,0.12,12,False,0,
CSF1,0.18,18,False,0.09,9,False,0.13,13,False,0,
CSF1R,0.25,25,False,0.22,22,False,0.14,14,False,0,
CSF2,0.48,48,False,0.59,59,False,0.26,26,False,0,
CSF2RA,0.39,39,False,0.24,24,False,0.23,23,False,0,
CSF2RB,0.53,53,False,0.28,28,False,0.34,34,False,0,
CSF3,0.54,54,False,0.47,47,False,0.3,30,False,0,
CSF3R,0.42,42,False,0.14,14,False,0.21,21,False,0,
CSH1,0.56,56,False,0.4,40,False,0.31,31,False,0,
CSNK1D,0.18,18,False,0.11,11,False,0.17,17,False,0,
CSNK2A1,0.16,16,False,0.09,9,False,0.14,14,False,0,
CSPG4,0.45,45,False,0.12,12,False,0.26,26,False,0,
CSPG5,0.52,52,False,0.25,25,False,0.32,32,False,0,
CSRP3,0.41,41,False,0.28,28,False,0.26,26,False,0,
CST1,0.51,51,False,0.63,63,False,0.32,32,False,0,
CST3,0.2,20,False,0.1,10,False,0.14,14,False,0,
CST5,0.46,46,False,0.22,22,False,0.3,30,False,0,
CST6,0.87,87,True,0.18,18,False,0.37,37,False,1,ASCVD
CST7,0.41,41,False,0.17,17,False,0.34,34,False,0,
CSTB,0.24,24,False,0.11,11,False,0.21,21,False,0,
CTAG1A_CTAG1B,0.61,61,False,0.33,33,False,0.32,32,False,0,
CTBS,0.35,35,False,0.16,16,False,0.21,21,False,0,
CTF1,0.17,17,False,0.08,8,False,0.11,11,False,0,
CTHRC1,0.57,57,False,0.95,95,True,0.29,29,False,1,HF
CTLA4,0.45,45,False,0.45,45,False,0.3,30,False,0,
CTNNA1,0.58,58,False,0.51,51,False,0.64,64,False,0,
CTRB1,0.48,48,False,0.29,29,False,0.37,37,False,0,
CTRC,0.53,53,False,0.24,24,False,0.25,25,False,0,
CTRL,0.44,44,False,0.26,26,False,0.3,30,False,0,
CTSB,0.33,33,False,0.18,18,False,0.21,21,False,0,
CTSC,0.29,29,False,0.44,44,False,0.24,24,False,0,
CTSD,0.32,32,False,0.13,13,False,0.14,14,False,0,
CTSE,0.41,41,False,0.22,22,False,0.21,21,False,0,
CTSF,0.47,47,False,0.24,24,False,0.27,27,False,0,
CTSH,0.71,71,False,0.24,24,False,0.52,52,False,0,
CTSL,0.26,26,False,0.23,23,False,0.17,17,False,0,
CTSO,0.38,38,False,0.13,13,False,0.2,20,False,0,
CTSS,0.28,28,False,0.11,11,False,0.19,19,False,0,
CTSV,0.43,43,False,0.16,16,False,0.32,32,False,0,
CTSZ,0.2,20,False,0.09,9,False,0.15,15,False,0,
CUZD1,0.54,54,False,0.3,30,False,0.26,26,False,0,
CWC15,0.24,24,False,0.09,9,False,0.17,17,False,0,
CX3CL1,0.73,73,False,0.12,12,False,0.34,34,False,0,
CXADR,0.22,22,False,0.16,16,False,0.18,18,False,0,
CXCL1,0.21,21,False,0.11,11,False,0.15,15,False,0,
CXCL10,0.31,31,False,0.19,19,False,0.24,24,False,0,
CXCL11,0.19,19,False,0.4,40,False,0.19,19,False,0,
CXCL12,0.32,32,False,0.13,13,False,0.38,38,False,0,
CXCL13,0.58,58,False,0.15,15,False,0.37,37,False,0,
CXCL14,0.63,63,False,0.51,51,False,0.69,69,False,0,
CXCL16,0.23,23,False,0.69,69,False,0.17,17,False,0,
CXCL17,0.69,69,False,0.43,43,False,0.77,77,False,0,
CXCL3,0.12,12,False,0.07,7,False,0.13,13,False,0,
CXCL5,0.19,19,False,0.09,9,False,0.15,15,False,0,
CXCL6,0.2,20,False,0.13,13,False,0.18,18,False,0,
CXCL8,0.23,23,False,0.1,10,False,0.16,16,False,0,
CXCL9,0.32,32,False,0.2,20,False,0.2,20,False,0,
CYB5A,0.53,53,False,0.33,33,False,0.37,37,False,0,
CYB5R2,0.16,16,False,0.1,10,False,0.13,13,False,0,
CYP24A1,0.69,69,False,0.3,30,False,0.44,44,False,0,
CYTH3,0.44,44,False,0.23,23,False,0.25,25,False,0,
CYTL1,0.33,33,False,0.4,40,False,0.17,17,False,0,
DAAM1,0.15,15,False,0.07,7,False,0.12,12,False,0,
DAB2,0.12,12,False,0.05,5,False,0.1,10,False,0,
DAG1,0.13,13,False,0.07,7,False,0.09,9,False,0,
DAND5,0.56,56,False,0.81,81,True,0.83,83,True,2,HF;Total_CVD
DAPK2,0.18,18,False,0.09,9,False,0.14,14,False,0,
DAPP1,0.14,14,False,0.06,6,False,0.14,14,False,0,
DARS1,0.17,17,False,0.07,7,False,0.11,11,False,0,
DBH,0.48,48,False,0.29,29,False,0.31,31,False,0,
DBI,0.13,13,False,0.06,6,False,0.1,10,False,0,
DBN1,0.18,18,False,0.06,6,False,0.14,14,False,0,
DBNL,0.11,11,False,0.04,4,False,0.11,11,False,0,
DCBLD2,0.3,30,False,0.34,34,False,0.28,28,False,0,
DCC,0.51,51,False,0.27,27,False,0.26,26,False,0,
DCDC2C,0.55,55,False,0.3,30,False,0.3,30,False,0,
DCLRE1C,0.48,48,False,0.25,25,False,0.32,32,False,0,
DCN,0.42,42,False,0.52,52,False,0.27,27,False,0,
DCTD,0.1,10,False,0.05,5,False,0.08,8,False,0,
DCTN1,0.15,15,False,0.05,5,False,0.1,10,False,0,
DCTN2,0.15,15,False,0.17,17,False,0.15,15,False,0,
DCTN6,0.15,15,False,0.09,9,False,0.15,15,False,0,
DCTPP1,0.64,64,False,0.12,12,False,0.26,26,False,0,
DCUN1D1,0.37,37,False,0.17,17,False,0.25,25,False,0,
DCUN1D2,0.53,53,False,0.28,28,False,0.28,28,False,0,
DCXR,0.23,23,False,0.16,16,False,0.15,15,False,0,
DDA1,0.5,50,False,0.14,14,False,0.2,20,False,0,
DDAH1,0.27,27,False,0.1,10,False,0.28,28,False,0,
DDC,0.64,64,False,0.34,34,False,0.59,59,False,0,
DDHD2,0.14,14,False,0.06,6,False,0.12,12,False,0,
DDI2,0.37,37,False,0.16,16,False,0.2,20,False,0,
DDR1,0.24,24,False,0.1,10,False,0.15,15,False,0,
DDT,0.22,22,False,0.1,10,False,0.18,18,False,0,
DDX1,0.32,32,False,0.14,14,False,0.27,27,False,0,
DDX25,0.44,44,False,0.29,29,False,0.33,33,False,0,
DDX39A,0.47,47,False,0.73,73,False,0.52,52,False,0,
DDX4,0.52,52,False,0.25,25,False,0.28,28,False,0,
DDX53,0.47,47,False,0.61,61,False,0.3,30,False,0,
DDX58,0.15,15,False,0.09,9,False,0.14,14,False,0,
DECR1,0.15,15,False,0.07,7,False,0.11,11,False,0,
DEFA1_DEFA1B,0.2,20,False,0.77,77,False,0.17,17,False,0,
DEFB103A_DEFB103B,0.58,58,False,0.36,36,False,0.34,34,False,0,
DEFB104A_DEFB104B,0.51,51,False,0.38,38,False,0.28,28,False,0,
DEFB116,0.57,57,False,0.29,29,False,0.34,34,False,0,
DEFB118,0.59,59,False,0.31,31,False,0.34,34,False,0,
DEFB4A_DEFB4B,0.54,54,False,0.92,92,True,0.38,38,False,1,HF
DENND2B,0.46,46,False,0.34,34,False,0.28,28,False,0,
DENR,0.14,14,False,0.07,7,False,0.13,13,False,0,
DFFA,0.11,11,False,0.07,7,False,0.11,11,False,0,
DGCR6,0.34,34,False,0.23,23,False,0.49,49,False,0,
DGKA,0.17,17,False,0.06,6,False,0.09,9,False,0,
DGKZ,0.4,40,False,0.1,10,False,0.31,31,False,0,
DHODH,0.6,60,False,0.39,39,False,0.32,32,False,0,
DHPS,0.22,22,False,0.22,22,False,0.18,18,False,0,
DHRS4L2,0.14,14,False,0.09,9,False,0.13,13,False,0,
DIABLO,0.13,13,False,0.09,9,False,0.09,9,False,0,
DIPK1C,0.53,53,False,0.41,41,False,0.35,35,False,0,
DIPK2B,0.47,47,False,0.27,27,False,0.3,30,False,0,
DKK1,0.17,17,False,0.07,7,False,0.12,12,False,0,
DKK3,0.42,42,False,0.15,15,False,0.24,24,False,0,
DKK4,0.32,32,False,0.74,74,False,0.81,81,True,1,Total_CVD
DKKL1,0.54,54,False,0.34,34,False,0.31,31,False,0,
DLG4,0.1,10,False,0.06,6,False,0.11,11,False,0,
DLGAP5,0.73,73,False,0.43,43,False,0.88,88,True,1,Total_CVD
DLK1,0.31,31,False,0.83,83,True,0.25,25,False,1,HF
DLL1,0.17,17,False,0.09,9,False,0.14,14,False,0,
DLL4,0.54,54,False,0.53,53,False,0.34,34,False,0,
DMD,0.19,19,False,0.11,11,False,0.16,16,False,0,
DMP1,0.47,47,False,0.28,28,False,0.26,26,False,0,
DNAJA1,0.52,52,False,0.34,34,False,0.3,30,False,0,
DNAJA2,0.1,10,False,0.06,6,False,0.11,11,False,0,
DNAJA4,0.38,38,False,0.16,16,False,0.26,26,False,0,
DNAJB1,0.15,15,False,0.07,7,False,0.12,12,False,0,
DNAJB14,0.13,13,False,0.07,7,False,0.12,12,False,0,
DNAJB2,0.15,15,False,0.08,8,False,0.12,12,False,0,
DNAJB6,0.1,10,False,0.05,5,False,0.14,14,False,0,
DNAJB8,0.26,26,False,0.13,13,False,0.16,16,False,0,
DNAJC21,0.15,15,False,0.04,4,False,0.12,12,False,0,
DNAJC6,0.14,14,False,0.06,6,False,0.1,10,False,0,
DNAJC9,0.12,12,False,0.05,5,False,0.11,11,False,0,
DNER,0.57,57,False,0.23,23,False,0.25,25,False,0,
DNLZ,0.67,67,False,0.35,35,False,0.38,38,False,0,
DNM1,0.13,13,False,0.06,6,False,0.11,11,False,0,
DNM3,0.2,20,False,0.23,23,False,0.14,14,False,0,
DNMBP,0.13,13,False,0.1,10,False,0.13,13,False,0,
DNPEP,0.54,54,False,0.21,21,False,0.42,42,False,0,
DNPH1,0.15,15,False,0.08,8,False,0.12,12,False,0,
DOC2B,0.43,43,False,0.25,25,False,0.24,24,False,0,
DOCK9,0.55,55,False,0.25,25,False,0.31,31,False,0,
DOK1,0.14,14,False,0.08,8,False,0.12,12,False,0,
DOK2,0.15,15,False,0.06,6,False,0.11,11,False,0,
DPEP1,0.55,55,False,0.28,28,False,0.32,32,False,0,
DPEP2,0.47,47,False,0.19,19,False,0.27,27,False,0,
DPP10,0.47,47,False,0.16,16,False,0.21,21,False,0,
DPP4,0.41,41,False,0.55,55,False,0.33,33,False,0,
DPP6,0.46,46,False,0.33,33,False,0.28,28,False,0,
DPP7,0.2,20,False,0.09,9,False,0.18,18,False,0,
DPT,0.33,33,False,0.19,19,False,0.17,17,False,0,
DPY30,0.22,22,False,0.07,7,False,0.12,12,False,0,
DRAXIN,0.39,39,False,0.13,13,False,0.18,18,False,0,
DRG2,0.11,11,False,0.08,8,False,0.12,12,False,0,
DSC2,0.25,25,False,0.08,8,False,0.14,14,False,0,
DSCAM,0.42,42,False,0.14,14,False,0.19,19,False,0,
DSG2,0.47,47,False,0.29,29,False,0.24,24,False,0,
DSG3,0.34,34,False,0.3,30,False,0.54,54,False,0,
DSG4,0.67,67,False,0.53,53,False,0.49,49,False,0,
DTD1,0.14,14,False,0.06,6,False,0.12,12,False,0,
DTNB,0.21,21,False,0.09,9,False,0.14,14,False,0,
DTX2,0.49,49,False,0.43,43,False,0.31,31,False,0,
DTX3,0.36,36,False,0.12,12,False,0.2,20,False,0,
DTYMK,0.14,14,False,0.06,6,False,0.11,11,False,0,
DUOX2,0.83,83,True,0.3,30,False,0.35,35,False,1,ASCVD
DUSP13,0.32,32,False,0.34,34,False,0.23,23,False,0,
DUSP29,0.48,48,False,0.29,29,False,0.25,25,False,0,
DUSP3,0.26,26,False,0.13,13,False,0.19,19,False,0,
DUT,0.15,15,False,0.1,10,False,0.12,12,False,0,
DXO,0.14,14,False,0.07,7,False,0.1,10,False,0,
DYNC1H1,0.27,27,False,0.16,16,False,0.22,22,False,0,
DYNLT1,0.17,17,False,0.09,9,False,0.17,17,False,0,
DYNLT3,0.17,17,False,0.07,7,False,0.15,15,False,0,
EBAG9,0.11,11,False,0.05,5,False,0.09,9,False,0,
EBI3_IL27,0.42,42,False,0.08,8,False,0.23,23,False,0,
ECE1,0.39,39,False,0.18,18,False,0.28,28,False,0,
ECHDC3,0.33,33,False,0.95,95,True,0.67,67,False,1,HF
ECHS1,0.14,14,False,0.08,8,False,0.16,16,False,0,
ECI2,0.19,19,False,0.09,9,False,0.14,14,False,0,
ECM1,0.54,54,False,0.36,36,False,0.39,39,False,0,
ECSCR,0.43,43,False,0.25,25,False,0.47,47,False,0,
EDA2R,0.68,68,False,0.48,48,False,0.93,93,True,1,Total_CVD
EDAR,0.2,20,False,0.4,40,False,0.2,20,False,0,
EDDM3B,0.47,47,False,0.26,26,False,0.23,23,False,0,
EDEM2,0.51,51,False,0.29,29,False,0.4,40,False,0,
EDF1,0.14,14,False,0.08,8,False,0.16,16,False,0,
EDIL3,0.79,79,False,0.19,19,False,0.21,21,False,0,
EDN1,0.68,68,False,0.84,84,True,0.99,99,True,2,HF;Total_CVD
EDNRB,0.53,53,False,0.23,23,False,0.43,43,False,0,
EEF1D,0.1,10,False,0.07,7,False,0.07,7,False,0,
EFCAB14,0.27,27,False,0.09,9,False,0.34,34,False,0,
EFCAB2,0.14,14,False,0.08,8,False,0.13,13,False,0,
EFEMP1,0.2,20,False,0.2,20,False,0.15,15,False,0,
EFHD1,0.33,33,False,0.09,9,False,0.22,22,False,0,
EFNA1,0.14,14,False,0.31,31,False,0.12,12,False,0,
EFNA4,0.2,20,False,0.43,43,False,0.13,13,False,0,
EFNB2,0.61,61,False,0.21,21,False,0.62,62,False,0,
EGF,0.13,13,False,0.08,8,False,0.12,12,False,0,
EGFL7,0.27,27,False,0.19,19,False,0.45,45,False,0,
EGFLAM,0.41,41,False,0.27,27,False,0.36,36,False,0,
EGFR,0.76,76,False,0.82,82,True,0.98,98,True,2,HF;Total_CVD
EGLN1,0.15,15,False,0.13,13,False,0.12,12,False,0,
EHBP1,0.17,17,False,0.05,5,False,0.08,8,False,0,
EHD3,0.12,12,False,0.13,13,False,0.13,13,False,0,
EIF1AX,0.3,30,False,0.1,10,False,0.3,30,False,0,
EIF2AK2,0.12,12,False,0.06,6,False,0.1,10,False,0,
EIF2AK3,0.18,18,False,0.08,8,False,0.15,15,False,0,
EIF2S2,0.21,21,False,0.09,9,False,0.15,15,False,0,
EIF4B,0.13,13,False,0.06,6,False,0.11,11,False,0,
EIF4E,0.11,11,False,0.05,5,False,0.11,11,False,0,
EIF4EBP1,0.17,17,False,0.1,10,False,0.18,18,False,0,
EIF4G1,0.14,14,False,0.06,6,False,0.13,13,False,0,
EIF4G3,0.17,17,False,0.06,6,False,0.14,14,False,0,
EIF5,0.18,18,False,0.1,10,False,0.15,15,False,0,
EIF5A,0.53,53,False,0.5,50,False,0.37,37,False,0,
ELAC1,0.12,12,False,0.06,6,False,0.11,11,False,0,
ELAVL4,0.42,42,False,0.17,17,False,0.24,24,False,0,
ELN,0.4,40,False,0.16,16,False,0.21,21,False,0,
ELOA,0.24,24,False,0.09,9,False,0.15,15,False,0,
ELOB,0.25,25,False,0.1,10,False,0.14,14,False,0,
ENAH,0.2,20,False,0.1,10,False,0.16,16,False,0,
ENDOU,0.32,32,False,0.28,28,False,0.27,27,False,0,
ENG,0.32,32,False,0.22,22,False,0.25,25,False,0,
ENO1,0.12,12,False,0.05,5,False,0.12,12,False,0,
ENO2,0.12,12,False,0.08,8,False,0.11,11,False,0,
ENO3,0.28,28,False,0.18,18,False,0.2,20,False,0,
ENOPH1,0.36,36,False,0.17,17,False,0.24,24,False,0,
ENOX2,0.27,27,False,0.08,8,False,0.48,48,False,0,
ENPEP,0.49,49,False,0.29,29,False,0.28,28,False,0,
ENPP2,0.54,54,False,0.16,16,False,0.28,28,False,0,
ENPP5,0.5,50,False,0.76,76,False,0.46,46,False,0,
ENPP6,0.49,49,False,0.21,21,False,0.34,34,False,0,
ENPP7,0.51,51,False,0.25,25,False,0.28,28,False,0,
ENSA,0.21,21,False,0.09,9,False,0.19,19,False,0,
ENTPD2,0.52,52,False,0.27,27,False,0.45,45,False,0,
ENTPD5,0.53,53,False,0.24,24,False,0.41,41,False,0,
ENTPD6,0.45,45,False,0.34,34,False,0.54,54,False,0,
ENTR1,0.21,21,False,0.09,9,False,0.18,18,False,0,
EP300,0.26,26,False,0.11,11,False,0.16,16,False,0,
EPB41L5,0.84,84,True,0.28,28,False,0.7,70,False,1,ASCVD
EPCAM,0.51,51,False,0.32,32,False,0.29,29,False,0,
EPGN,0.52,52,False,0.31,31,False,0.27,27,False,0,
EPHA1,0.26,26,False,0.09,9,False,0.17,17,False,0,
EPHA10,0.62,62,False,0.33,33,False,0.32,32,False,0,
EPHA2,0.2,20,False,0.1,10,False,0.14,14,False,0,
EPHA4,0.35,35,False,0.51,51,False,0.82,82,True,1,Total_CVD
EPHB4,0.23,23,False,0.05,5,False,0.11,11,False,0,
EPHB6,0.27,27,False,0.12,12,False,0.16,16,False,0,
EPHX2,0.33,33,False,0.36,36,False,0.23,23,False,0,
EPN1,0.36,36,False,0.93,93,True,0.28,28,False,1,HF
EPO,0.53,53,False,0.44,44,False,0.79,79,False,0,
EPPK1,0.43,43,False,0.09,9,False,0.33,33,False,0,
EPS8L2,0.22,22,False,0.16,16,False,0.25,25,False,0,
ERBB2,0.42,42,False,0.67,67,False,0.53,53,False,0,
ERBB3,0.42,42,False,0.3,30,False,0.27,27,False,0,
ERBB4,0.5,50,False,0.29,29,False,0.34,34,False,0,
ERBIN,0.11,11,False,0.06,6,False,0.1,10,False,0,
ERC2,0.35,35,False,0.59,59,False,0.31,31,False,0,
ERCC1,0.4,40,False,0.52,52,False,0.46,46,False,0,
EREG,0.13,13,False,0.09,9,False,0.12,12,False,0,
ERI1,0.25,25,False,0.09,9,False,0.22,22,False,0,
ERMAP,0.26,26,False,0.09,9,False,0.15,15,False,0,
ERN1,0.35,35,False,0.57,57,False,0.45,45,False,0,
ERP29,0.13,13,False,0.05,5,False,0.11,11,False,0,
ERP44,0.16,16,False,0.06,6,False,0.14,14,False,0,
ERVV.1,0.54,54,False,0.36,36,False,0.3,30,False,0,
ESAM,0.15,15,False,0.09,9,False,0.13,13,False,0,
ESM1,0.4,40,False,0.31,31,False,0.27,27,False,0,
ESPL1,0.51,51,False,0.33,33,False,0.32,32,False,0,
ESR1,0.47,47,False,0.25,25,False,0.29,29,False,0,
ESYT2,0.12,12,False,0.06,6,False,0.11,11,False,0,
EVI2B,0.47,47,False,0.23,23,False,0.25,25,False,0,
EVI5,0.12,12,False,0.06,6,False,0.11,11,False,0,
EVPL,0.5,50,False,0.26,26,False,0.3,30,False,0,
EXOSC10,0.55,55,False,0.65,65,False,0.34,34,False,0,
EXTL1,0.48,48,False,0.35,35,False,0.35,35,False,0,
EZR,0.25,25,False,0.1,10,False,0.18,18,False,0,
F10,0.46,46,False,0.42,42,False,0.3,30,False,0,
F11,0.46,46,False,0.25,25,False,0.26,26,False,0,
F11R,0.16,16,False,0.06,6,False,0.09,9,False,0,
F12,0.5,50,False,0.51,51,False,0.35,35,False,0,
F13B,0.32,32,False,0.17,17,False,0.19,19,False,0,
F2,0.48,48,False,0.19,19,False,0.22,22,False,0,
F2R,0.14,14,False,0.07,7,False,0.11,11,False,0,
F3,0.38,38,False,0.33,33,False,0.29,29,False,0,
F7,0.63,63,False,0.72,72,False,0.78,78,False,0,
F9,0.32,32,False,0.2,20,False,0.19,19,False,0,
FABP1,0.26,26,False,0.1,10,False,0.17,17,False,0,
FABP2,0.42,42,False,0.16,16,False,0.23,23,False,0,
FABP3,0.2,20,False,0.15,15,False,0.14,14,False,0,
FABP4,0.37,37,False,0.11,11,False,0.16,16,False,0,
FABP5,0.14,14,False,0.04,4,False,0.12,12,False,0,
FABP6,0.47,47,False,0.21,21,False,0.22,22,False,0,
FABP9,0.51,51,False,0.38,38,False,0.42,42,False,0,
FADD,0.12,12,False,0.06,6,False,0.09,9,False,0,
FAM13A,0.1,10,False,0.07,7,False,0.09,9,False,0,
FAM171A2,0.57,57,False,0.64,64,False,0.36,36,False,0,
FAM171B,0.75,75,False,0.3,30,False,0.95,95,True,1,Total_CVD
FAM172A,0.12,12,False,0.08,8,False,0.1,10,False,0,
FAM20A,0.37,37,False,0.16,16,False,0.24,24,False,0,
FAM3B,0.54,54,False,0.21,21,False,0.57,57,False,0,
FAM3C,0.26,26,False,0.1,10,False,0.16,16,False,0,
FAM3D,0.36,36,False,0.41,41,False,0.24,24,False,0,
FAP,0.48,48,False,0.35,35,False,0.26,26,False,0,
FARSA,0.11,11,False,0.06,6,False,0.14,14,False,0,
FAS,0.48,48,False,0.18,18,False,0.48,48,False,0,
FASLG,0.94,94,True,0.23,23,False,0.57,57,False,1,ASCVD
FBLN2,0.17,17,False,0.08,8,False,0.16,16,False,0,
FBN2,0.49,49,False,0.43,43,False,0.32,32,False,0,
FBP1,0.45,45,False,0.31,31,False,0.27,27,False,0,
FCAMR,0.23,23,False,0.33,33,False,0.32,32,False,0,
FCAR,0.34,34,False,0.46,46,False,0.15,15,False,0,
FCER1A,0.48,48,False,0.23,23,False,0.29,29,False,0,
FCER2,0.27,27,False,0.14,14,False,0.14,14,False,0,
FCGR2A,0.36,36,False,0.27,27,False,0.27,27,False,0,
FCGR2B,0.7,70,False,0.17,17,False,0.82,82,True,1,Total_CVD
FCGR3B,0.54,54,False,0.35,35,False,0.31,31,False,0,
FCN1,0.44,44,False,0.19,19,False,0.56,56,False,0,
FCN2,0.45,45,False,0.21,21,False,0.33,33,False,0,
FCRL1,0.36,36,False,0.3,30,False,0.2,20,False,0,
FCRL2,0.31,31,False,0.2,20,False,0.18,18,False,0,
FCRL3,0.46,46,False,0.3,30,False,0.25,25,False,0,
FCRL5,0.48,48,False,0.26,26,False,0.27,27,False,0,
FCRL6,0.44,44,False,0.65,65,False,0.28,28,False,0,
FCRLB,0.77,77,False,0.26,26,False,0.56,56,False,0,
FDX1,0.33,33,False,0.15,15,False,0.26,26,False,0,
FDX2,0.3,30,False,0.11,11,False,0.2,20,False,0,
FEN1,0.23,23,False,0.14,14,False,0.19,19,False,0,
FES,0.3,30,False,0.18,18,False,0.28,28,False,0,
FETUB,0.41,41,False,0.23,23,False,0.33,33,False,0,
FGA,0.26,26,False,0.16,16,False,0.2,20,False,0,
FGD3,0.13,13,False,0.05,5,False,0.11,11,False,0,
FGF12,0.51,51,False,0.31,31,False,0.31,31,False,0,
FGF16,0.49,49,False,0.35,35,False,0.33,33,False,0,
FGF19,0.54,54,False,0.83,83,True,0.61,61,False,1,HF
FGF2,0.17,17,False,0.34,34,False,0.24,24,False,0,
FGF20,0.58,58,False,0.42,42,False,0.47,47,False,0,
FGF21,0.28,28,False,0.21,21,False,0.37,37,False,0,
FGF23,0.26,26,False,0.49,49,False,0.61,61,False,0,
FGF3,0.59,59,False,0.32,32,False,0.35,35,False,0,
FGF5,0.36,36,False,0.24,24,False,0.24,24,False,0,
FGF6,0.57,57,False,0.59,59,False,0.41,41,False,0,
FGF7,0.55,55,False,0.64,64,False,0.39,39,False,0,
FGF9,0.58,58,False,0.37,37,False,0.64,64,False,0,
FGFBP1,0.45,45,False,0.26,26,False,0.26,26,False,0,
FGFBP2,0.59,59,False,0.32,32,False,0.56,56,False,0,
FGFBP3,0.32,32,False,0.19,19,False,0.17,17,False,0,
FGFR2,0.21,21,False,0.15,15,False,0.15,15,False,0,
FGFR4,0.62,62,False,0.27,27,False,0.68,68,False,0,
FGL1,0.84,84,True,0.19,19,False,0.58,58,False,1,ASCVD
FGR,0.22,22,False,0.2,20,False,0.19,19,False,0,
FH,0.54,54,False,0.34,34,False,0.32,32,False,0,
FHIP2A,0.52,52,False,0.32,32,False,0.34,34,False,0,
FHIT,0.13,13,False,0.06,6,False,0.1,10,False,0,
FIS1,0.09,9,False,0.06,6,False,0.11,11,False,0,
FKBP14,0.14,14,False,0.06,6,False,0.1,10,False,0,
FKBP1B,0.13,13,False,0.07,7,False,0.13,13,False,0,
FKBP4,0.12,12,False,0.06,6,False,0.11,11,False,0,
FKBP5,0.15,15,False,0.08,8,False,0.12,12,False,0,
FKBP7,0.25,25,False,0.07,7,False,0.26,26,False,0,
FKBPL,0.09,9,False,0.05,5,False,0.1,10,False,0,
FLI1,0.13,13,False,0.06,6,False,0.09,9,False,0,
FLRT2,0.25,25,False,0.22,22,False,0.15,15,False,0,
FLT1,0.36,36,False,0.13,13,False,0.2,20,False,0,
FLT3,0.66,66,False,0.28,28,False,0.34,34,False,0,
FLT3LG,0.47,47,False,0.48,48,False,0.27,27,False,0,
FLT4,0.33,33,False,0.26,26,False,0.23,23,False,0,
FMNL1,0.3,30,False,0.1,10,False,0.21,21,False,0,
FMR1,0.28,28,False,0.19,19,False,0.18,18,False,0,
FN1,0.45,45,False,0.17,17,False,0.24,24,False,0,
FNDC1,0.31,31,False,0.38,38,False,0.23,23,False,0,
FNTA,0.17,17,False,0.08,8,False,0.11,11,False,0,
FOLH1,0.44,44,False,0.18,18,False,0.26,26,False,0,
FOLR1,0.28,28,False,0.08,8,False,0.2,20,False,0,
FOLR2,0.25,25,False,0.11,11,False,0.21,21,False,0,
FOLR3,0.52,52,False,0.4,40,False,0.3,30,False,0,
FOS,0.4,40,False,0.33,33,False,0.27,27,False,0,
FOSB,0.51,51,False,0.5,50,False,0.27,27,False,0,
FOXJ3,0.14,14,False,0.07,7,False,0.12,12,False,0,
FOXO1,0.14,14,False,0.04,4,False,0.12,12,False,0,
FOXO3,0.15,15,False,0.06,6,False,0.17,17,False,0,
FRMD4B,0.16,16,False,0.09,9,False,0.16,16,False,0,
FRMD7,0.56,56,False,0.37,37,False,0.34,34,False,0,
FRZB,0.45,45,False,0.53,53,False,0.3,30,False,0,
FSHB,0.47,47,False,0.23,23,False,0.27,27,False,0,
FST,0.37,37,False,0.18,18,False,0.27,27,False,0,
FSTL1,0.2,20,False,0.13,13,False,0.15,15,False,0,
FSTL3,0.19,19,False,0.11,11,False,0.16,16,False,0,
FTCD,0.35,35,False,0.13,13,False,0.22,22,False,0,
FUCA1,0.53,53,False,0.34,34,False,0.33,33,False,0,
FUOM,0.29,29,False,0.31,31,False,0.37,37,False,0,
FURIN,0.32,32,False,0.2,20,False,0.22,22,False,0,
FUS,0.19,19,False,0.07,7,False,0.19,19,False,0,
FUT1,0.55,55,False,0.33,33,False,0.31,31,False,0,
FUT3_FUT5,0.45,45,False,0.25,25,False,0.26,26,False,0,
FUT8,0.19,19,False,0.1,10,False,0.15,15,False,0,
FXN,0.12,12,False,0.05,5,False,0.11,11,False,0,
FXYD5,0.13,13,False,0.08,8,False,0.13,13,False,0,
FYB1,0.12,12,False,0.04,4,False,0.12,12,False,0,
FZD10,0.53,53,False,0.33,33,False,0.33,33,False,0,
FZD8,0.5,50,False,0.29,29,False,0.61,61,False,0,
GABARAP,0.43,43,False,0.54,54,False,0.3,30,False,0,
GABARAPL1,0.5,50,False,0.29,29,False,0.29,29,False,0,
GABRA4,0.57,57,False,0.28,28,False,0.3,30,False,0,
GAD1,0.47,47,False,0.24,24,False,0.26,26,False,0,
GAD2,0.52,52,False,0.64,64,False,0.31,31,False,0,
GADD45B,0.54,54,False,0.42,42,False,0.3,30,False,0,
GADD45GIP1,0.1,10,False,0.06,6,False,0.14,14,False,0,
GAGE2A,0.5,50,False,0.44,44,False,0.65,65,False,0,
GAL,0.58,58,False,0.24,24,False,0.3,30,False,0,
GALNT10,0.26,26,False,0.16,16,False,0.2,20,False,0,
GALNT2,0.66,66,False,0.34,34,False,0.97,97,True,1,Total_CVD
GALNT3,0.51,51,False,0.21,21,False,0.3,30,False,0,
GALNT5,0.47,47,False,0.87,87,True,0.62,62,False,1,HF
GALNT7,0.53,53,False,0.25,25,False,0.45,45,False,0,
GAMT,0.62,62,False,0.27,27,False,0.36,36,False,0,
GAPDH,0.16,16,False,0.17,17,False,0.21,21,False,0,
GART,0.38,38,False,0.25,25,False,0.3,30,False,0,
GAS2,0.45,45,False,0.27,27,False,0.3,30,False,0,
GAS6,0.39,39,False,0.18,18,False,0.21,21,False,0,
GASK1A,0.48,48,False,0.31,31,False,0.27,27,False,0,
GAST,0.95,95,True,0.94,94,True,0.96,96,True,3,ASCVD;HF;Total_CVD
GATA3,0.36,36,False,0.17,17,False,0.34,34,False,0,
GATD3,0.13,13,False,0.04,4,False,0.08,8,False,0,
GBA,0.47,47,False,0.21,21,False,0.22,22,False,0,
GBP1,0.18,18,False,0.1,10,False,0.15,15,False,0,
GBP2,0.57,57,False,0.24,24,False,0.21,21,False,0,
GBP4,0.43,43,False,0.49,49,False,0.85,85,True,1,Total_CVD
GBP6,0.53,53,False,0.31,31,False,0.27,27,False,0,
GC,0.52,52,False,0.26,26,False,0.28,28,False,0,
GCC1,0.12,12,False,0.05,5,False,0.1,10,False,0,
GCG,0.63,63,False,0.18,18,False,0.44,44,False,0,
GCHFR,0.21,21,False,0.13,13,False,0.2,20,False,0,
GCLM,0.22,22,False,0.13,13,False,0.28,28,False,0,
GCNT1,0.17,17,False,0.13,13,False,0.14,14,False,0,
GDF15,0.66,66,False,0.97,97,True,0.73,73,False,1,HF
GDF2,0.49,49,False,0.25,25,False,0.32,32,False,0,
GDNF,0.26,26,False,0.14,14,False,0.34,34,False,0,
GET3,0.21,21,False,0.12,12,False,0.25,25,False,0,
GFAP,0.68,68,False,0.34,34,False,0.38,38,False,0,
GFER,0.11,11,False,0.07,7,False,0.12,12,False,0,
GFOD2,0.62,62,False,0.35,35,False,0.67,67,False,0,
GFRA1,0.22,22,False,0.09,9,False,0.16,16,False,0,
GFRA2,0.5,50,False,0.15,15,False,0.25,25,False,0,
GFRA3,0.39,39,False,0.62,62,False,0.31,31,False,0,
GFRAL,0.87,87,True,0.25,25,False,0.24,24,False,1,ASCVD
GGA1,0.39,39,False,0.29,29,False,0.31,31,False,0,
GGACT,0.14,14,False,0.09,9,False,0.11,11,False,0,
GGCT,0.12,12,False,0.08,8,False,0.13,13,False,0,
GGH,0.29,29,False,0.16,16,False,0.19,19,False,0,
GGT1,0.38,38,False,0.17,17,False,0.22,22,False,0,
GGT5,0.31,31,False,0.28,28,False,0.24,24,False,0,
GH1,0.53,53,False,0.26,26,False,0.38,38,False,0,
GH2,0.58,58,False,0.57,57,False,0.38,38,False,0,
GHR,0.44,44,False,0.31,31,False,0.3,30,False,0,
GHRHR,0.76,76,False,0.31,31,False,0.34,34,False,0,
GHRL,0.51,51,False,0.26,26,False,0.44,44,False,0,
GID8,0.42,42,False,0.2,20,False,0.5,50,False,0,
GIGYF2,0.18,18,False,0.07,7,False,0.13,13,False,0,
GIMAP7,0.31,31,False,0.18,18,False,0.19,19,False,0,
GIMAP8,0.26,26,False,0.36,36,False,0.19,19,False,0,
GIP,0.72,72,False,0.2,20,False,0.33,33,False,0,
GIPC2,0.23,23,False,0.21,21,False,0.2,20,False,0,
GIPC3,0.13,13,False,0.08,8,False,0.12,12,False,0,
GIPR,0.53,53,False,0.29,29,False,0.48,48,False,0,
GIT1,0.15,15,False,0.05,5,False,0.1,10,False,0,
GJA8,0.51,51,False,0.25,25,False,0.28,28,False,0,
GKN1,0.53,53,False,0.51,51,False,0.31,31,False,0,
GLA,0.24,24,False,0.23,23,False,0.16,16,False,0,
GLB1,0.2,20,False,0.12,12,False,0.15,15,False,0,
GLI2,0.47,47,False,0.16,16,False,0.24,24,False,0,
GLO1,0.31,31,False,0.09,9,False,0.23,23,False,0,
GLOD4,0.1,10,False,0.06,6,False,0.11,11,False,0,
GLP1R,0.49,49,False,0.22,22,False,0.27,27,False,0,
GLRX,0.2,20,False,0.14,14,False,0.17,17,False,0,
GLRX5,0.16,16,False,0.05,5,False,0.11,11,False,0,
GLT8D2,0.56,56,False,0.53,53,False,0.3,30,False,0,
GLYR1,0.32,32,False,0.18,18,False,0.22,22,False,0,
GM2A,0.21,21,False,0.1,10,False,0.19,19,False,0,
GMFG,0.12,12,False,0.07,7,False,0.12,12,False,0,
GMPR,0.16,16,False,0.14,14,False,0.16,16,False,0,
GMPR2,0.14,14,False,0.06,6,False,0.12,12,False,0,
GNAS,0.2,20,False,0.27,27,False,0.31,31,False,0,
GNE,0.11,11,False,0.1,10,False,0.11,11,False,0,
GNGT1,0.46,46,False,0.29,29,False,0.23,23,False,0,
GNLY,0.34,34,False,0.26,26,False,0.3,30,False,0,
GNPDA1,0.41,41,False,0.22,22,False,0.23,23,False,0,
GNPDA2,0.16,16,False,0.08,8,False,0.14,14,False,0,
GOLGA3,0.19,19,False,0.09,9,False,0.17,17,False,0,
GOLM2,0.25,25,False,0.08,8,False,0.13,13,False,0,
GOPC,0.15,15,False,0.06,6,False,0.09,9,False,0,
GORASP2,0.13,13,False,0.06,6,False,0.08,8,False,0,
GOT1,0.35,35,False,0.39,39,False,0.28,28,False,0,
GP1BA,0.21,21,False,0.18,18,False,0.18,18,False,0,
GP1BB,0.16,16,False,0.09,9,False,0.13,13,False,0,
GP2,0.55,55,False,0.98,98,True,0.68,68,False,1,HF
GP5,0.17,17,False,0.06,6,False,0.15,15,False,0,
GP6,0.13,13,False,0.06,6,False,0.09,9,False,0,
GPA33,0.55,55,False,0.3,30,False,0.29,29,False,0,
GPC1,0.32,32,False,0.7,70,False,0.33,33,False,0,
GPC5,0.31,31,False,0.22,22,False,0.24,24,False,0,
GPD1,0.2,20,False,0.15,15,False,0.17,17,False,0,
GPHA2,0.51,51,False,0.2,20,False,0.25,25,False,0,
GPI,0.14,14,False,0.05,5,False,0.13,13,False,0,
GPIHBP1,0.51,51,False,0.29,29,False,0.46,46,False,0,
GPKOW,0.25,25,False,0.62,62,False,0.16,16,False,0,
GPNMB,0.3,30,False,0.16,16,False,0.17,17,False,0,
GPR101,0.53,53,False,0.31,31,False,0.32,32,False,0,
GPR158,0.35,35,False,0.13,13,False,0.23,23,False,0,
GPR15L,0.43,43,False,0.19,19,False,0.19,19,False,0,
GPR37,0.25,25,False,0.15,15,False,0.18,18,False,0,
GPRC5C,0.37,37,False,0.23,23,False,0.23,23,False,0,
GRAP2,0.15,15,False,0.06,6,False,0.1,10,False,0,
GRHPR,0.12,12,False,0.05,5,False,0.1,10,False,0,
GRIK2,0.52,52,False,0.26,26,False,0.3,30,False,0,
GRIN2B,0.59,59,False,0.32,32,False,0.44,44,False,0,
GRK5,0.21,21,False,0.12,12,False,0.13,13,False,0,
GRN,0.22,22,False,0.25,25,False,0.12,12,False,0,
GRP,0.55,55,False,0.19,19,False,0.3,30,False,0,
GRPEL1,0.19,19,False,0.07,7,False,0.12,12,False,0,
GRSF1,0.13,13,False,0.09,9,False,0.12,12,False,0,
GSAP,0.45,45,False,0.36,36,False,0.29,29,False,0,
GSN,0.53,53,False,0.44,44,False,0.93,93,True,1,Total_CVD
GSR,0.18,18,False,0.28,28,False,0.17,17,False,0,
GSTA1,0.31,31,False,0.15,15,False,0.2,20,False,0,
GSTA3,0.35,35,False,0.48,48,False,0.57,57,False,0,
GSTM4,0.54,54,False,0.29,29,False,0.32,32,False,0,
GSTP1,0.45,45,False,0.15,15,False,0.39,39,False,0,
GSTT2B,0.3,30,False,0.28,28,False,0.2,20,False,0,
GTF2IRD1,0.56,56,False,0.42,42,False,0.31,31,False,0,
GTPBP2,0.11,11,False,0.06,6,False,0.1,10,False,0,
GUCA2A,0.42,42,False,0.23,23,False,0.28,28,False,0,
GUCY2C,0.52,52,False,0.35,35,False,0.31,31,False,0,
GUK1,0.54,54,False,0.25,25,False,0.3,30,False,0,
GUSB,0.3,30,False,0.43,43,False,0.42,42,False,0,
GYS1,0.14,14,False,0.04,4,False,0.19,19,False,0,
GZMA,0.31,31,False,0.11,11,False,0.45,45,False,0,
GZMB,0.54,54,False,0.26,26,False,0.29,29,False,0,
GZMH,0.57,57,False,0.12,12,False,0.53,53,False,0,
H2AP,0.55,55,False,0.6,60,False,0.32,32,False,0,
HADH,0.54,54,False,0.31,31,False,0.41,41,False,0,
HAGH,0.35,35,False,0.15,15,False,0.25,25,False,0,
HAO1,0.32,32,False,0.23,23,False,0.21,21,False,0,
HARS1,0.12,12,False,0.06,6,False,0.1,10,False,0,
HAVCR1,1.0,100,True,0.99,99,True,1.0,100,True,3,ASCVD;HF;Total_CVD
HAVCR2,0.17,17,False,0.05,5,False,0.13,13,False,0,
HBEGF,0.17,17,False,0.2,20,False,0.17,17,False,0,
HBQ1,0.45,45,False,0.27,27,False,0.29,29,False,0,
HBZ,0.56,56,False,0.24,24,False,0.39,39,False,0,
HCG22,0.75,75,False,0.32,32,False,0.41,41,False,0,
HCLS1,0.11,11,False,0.07,7,False,0.11,11,False,0,
HDAC8,0.55,55,False,0.3,30,False,0.31,31,False,0,
HDAC9,0.52,52,False,0.32,32,False,0.31,31,False,0,
HDDC2,0.2,20,False,0.2,20,False,0.18,18,False,0,
HDGF,0.28,28,False,0.21,21,False,0.16,16,False,0,
HDGFL2,0.15,15,False,0.08,8,False,0.1,10,False,0,
HEBP1,0.49,49,False,0.65,65,False,0.4,40,False,0,
HEG1,0.7,70,False,0.15,15,False,0.39,39,False,0,
HEPACAM2,0.55,55,False,0.27,27,False,0.3,30,False,0,
HEPH,0.4,40,False,0.35,35,False,0.23,23,False,0,
HEXIM1,0.12,12,False,0.07,7,False,0.1,10,False,0,
HGF,0.3,30,False,0.17,17,False,0.35,35,False,0,
HGFAC,0.5,50,False,0.34,34,False,0.31,31,False,0,
HGS,0.11,11,False,0.05,5,False,0.13,13,False,0,
HHEX,0.11,11,False,0.06,6,False,0.09,9,False,0,
HIF1A,0.49,49,False,0.4,40,False,0.31,31,False,0,
HIP1,0.42,42,False,0.3,30,False,0.21,21,False,0,
HIP1R,0.22,22,False,0.08,8,False,0.19,19,False,0,
HJV,0.29,29,False,0.13,13,False,0.32,32,False,0,
HK2,0.83,83,True,0.3,30,False,0.43,43,False,1,ASCVD
HLA.A,0.33,33,False,0.19,19,False,0.17,17,False,0,
HLA.DRA,0.56,56,False,0.32,32,False,0.29,29,False,0,
HLA.E,0.43,43,False,0.14,14,False,0.27,27,False,0,
HMBS,0.41,41,False,0.2,20,False,0.26,26,False,0,
HMCN2,0.69,69,False,0.82,82,True,0.81,81,True,2,HF;Total_CVD
HMGCL,0.19,19,False,0.09,9,False,0.25,25,False,0,
HMGCS1,0.42,42,False,0.32,32,False,0.42,42,False,0,
HMMR,0.48,48,False,0.32,32,False,0.32,32,False,0,
HMOX1,0.82,82,True,0.24,24,False,0.7,70,False,1,ASCVD
HMOX2,0.22,22,False,0.13,13,False,0.18,18,False,0,
HNF1A,0.56,56,False,0.26,26,False,0.32,32,False,0,
HNMT,0.18,18,False,0.18,18,False,0.13,13,False,0,
HNRNPK,0.12,12,False,0.06,6,False,0.1,10,False,0,
HNRNPUL1,0.15,15,False,0.06,6,False,0.14,14,False,0,
HPCAL1,0.12,12,False,0.05,5,False,0.1,10,False,0,
HPGDS,0.58,58,False,0.3,30,False,0.56,56,False,0,
HPSE,0.13,13,False,0.07,7,False,0.11,11,False,0,
HRAS,0.61,61,False,0.47,47,False,0.34,34,False,0,
HRC,0.69,69,False,0.97,97,True,0.83,83,True,2,HF;Total_CVD
HRG,0.96,96,True,0.29,29,False,0.84,84,True,2,ASCVD;Total_CVD
HS1BP3,0.11,11,False,0.06,6,False,0.1,10,False,0,
HS3ST3B1,0.74,74,False,0.24,24,False,0.27,27,False,0,
HS6ST1,0.23,23,False,0.15,15,False,0.22,22,False,0,
HS6ST2,0.62,62,False,0.17,17,False,0.27,27,False,0,
HSBP1,0.16,16,False,0.08,8,False,0.18,18,False,0,
HSD11B1,0.53,53,False,0.27,27,False,0.3,30,False,0,
HSD17B14,0.55,55,False,0.32,32,False,0.31,31,False,0,
HSD17B3,0.28,28,False,0.26,26,False,0.16,16,False,0,
HSDL2,0.16,16,False,0.08,8,False,0.16,16,False,0,
HSP90B1,0.56,56,False,0.28,28,False,0.29,29,False,0,
HSPA1A,0.12,12,False,0.09,9,False,0.14,14,False,0,
HSPA2,0.2,20,False,0.11,11,False,0.15,15,False,0,
HSPB1,0.2,20,False,0.08,8,False,0.15,15,False,0,
HSPB6,0.28,28,False,0.23,23,False,0.18,18,False,0,
HSPG2,0.15,15,False,0.08,8,False,0.13,13,False,0,
HTR1A,0.74,74,False,0.29,29,False,0.29,29,False,0,
HTR1B,0.39,39,False,0.43,43,False,0.31,31,False,0,
HTRA2,0.11,11,False,0.06,6,False,0.09,9,False,0,
HYAL1,0.47,47,False,0.23,23,False,0.2,20,False,0,
HYOU1,0.21,21,False,0.15,15,False,0.14,14,False,0,
ICA1,0.13,13,False,0.06,6,False,0.1,10,False,0,
ICAM1,0.34,34,False,0.12,12,False,0.15,15,False,0,
ICAM2,0.29,29,False,0.14,14,False,0.16,16,False,0,
ICAM3,0.43,43,False,0.25,25,False,0.25,25,False,0,
ICAM4,0.53,53,False,0.24,24,False,0.28,28,False,0,
ICAM5,0.57,57,False,0.86,86,True,0.76,76,False,1,HF
ICOSLG,0.56,56,False,0.71,71,False,0.88,88,True,1,Total_CVD
ID4,0.5,50,False,0.66,66,False,0.39,39,False,0,
IDI2,0.47,47,False,0.31,31,False,0.54,54,False,0,
IDO1,0.29,29,False,0.3,30,False,0.18,18,False,0,
IDS,0.55,55,False,0.22,22,False,0.31,31,False,0,
IDUA,0.24,24,False,0.69,69,False,0.27,27,False,0,
IFI30,0.28,28,False,0.12,12,False,0.17,17,False,0,
IFIT1,0.37,37,False,0.7,70,False,0.38,38,False,0,
IFIT3,0.18,18,False,0.09,9,False,0.11,11,False,0,
IFNAR1,0.52,52,False,0.22,22,False,0.27,27,False,0,
IFNG,0.51,51,False,0.58,58,False,0.26,26,False,0,
IFNGR1,0.14,14,False,0.1,10,False,0.18,18,False,0,
IFNGR2,0.34,34,False,0.2,20,False,0.23,23,False,0,
IFNL1,0.43,43,False,0.19,19,False,0.24,24,False,0,
IFNL2,0.47,47,False,0.27,27,False,0.28,28,False,0,
IFNLR1,0.29,29,False,0.13,13,False,0.18,18,False,0,
IFNW1,0.42,42,False,0.28,28,False,0.55,55,False,0,
IFT20,0.15,15,False,0.08,8,False,0.12,12,False,0,
IGBP1,0.11,11,False,0.08,8,False,0.11,11,False,0,
IGDCC3,0.49,49,False,0.4,40,False,0.39,39,False,0,
IGDCC4,0.44,44,False,0.41,41,False,0.28,28,False,0,
IGF1R,0.24,24,False,0.13,13,False,0.18,18,False,0,
IGF2BP3,0.39,39,False,0.17,17,False,0.2,20,False,0,
IGF2R,0.29,29,False,0.52,52,False,0.66,66,False,0,
IGFBP1,0.46,46,False,0.3,30,False,0.29,29,False,0,
IGFBP2,0.43,43,False,0.21,21,False,0.27,27,False,0,
IGFBP3,0.55,55,False,0.32,32,False,0.3,30,False,0,
IGFBP4,0.32,32,False,0.23,23,False,0.18,18,False,0,
IGFBP6,0.17,17,False,0.12,12,False,0.24,24,False,0,
IGFBP7,1.0,100,True,0.83,83,True,1.0,100,True,3,ASCVD;HF;Total_CVD
IGFBPL1,0.26,26,False,0.1,10,False,0.21,21,False,0,
IGFL4,0.59,59,False,0.58,58,False,0.34,34,False,0,
IGHMBP2,0.32,32,False,0.09,9,False,0.15,15,False,0,
IGLC2,0.24,24,False,0.68,68,False,0.49,49,False,0,
IGLON5,0.72,72,False,0.29,29,False,0.34,34,False,0,
IGSF21,0.63,63,False,0.23,23,False,0.29,29,False,0,
IGSF3,0.2,20,False,0.11,11,False,0.12,12,False,0,
IGSF8,0.14,14,False,0.04,4,False,0.11,11,False,0,
IGSF9,0.25,25,False,0.17,17,False,0.21,21,False,0,
IKBKG,0.13,13,False,0.07,7,False,0.14,14,False,0,
IKZF2,0.42,42,False,0.19,19,False,0.26,26,False,0,
IL10,0.5,50,False,0.31,31,False,0.46,46,False,0,
IL10RA,0.55,55,False,0.29,29,False,0.31,31,False,0,
IL10RB,0.15,15,False,0.07,7,False,0.2,20,False,0,
IL11,0.57,57,False,0.43,43,False,0.32,32,False,0,
IL12A_IL12B,0.25,25,False,0.1,10,False,0.16,16,False,0,
IL12B,0.23,23,False,0.08,8,False,0.17,17,False,0,
IL12RB1,0.25,25,False,0.14,14,False,0.14,14,False,0,
IL12RB2,0.56,56,False,0.39,39,False,0.41,41,False,0,
IL13,0.53,53,False,0.48,48,False,0.38,38,False,0,
IL13RA1,0.33,33,False,0.17,17,False,0.19,19,False,0,
IL13RA2,0.38,38,False,0.18,18,False,0.49,49,False,0,
IL15,0.73,73,False,0.25,25,False,0.61,61,False,0,
IL15RA,0.22,22,False,0.36,36,False,0.19,19,False,0,
IL16,0.23,23,False,0.16,16,False,0.14,14,False,0,
IL17A,0.41,41,False,0.23,23,False,0.27,27,False,0,
IL17C,0.44,44,False,0.45,45,False,0.31,31,False,0,
IL17D,0.49,49,False,0.38,38,False,0.32,32,False,0,
IL17F,0.57,57,False,0.27,27,False,0.32,32,False,0,
IL17RA,0.35,35,False,0.14,14,False,0.23,23,False,0,
IL17RB,0.55,55,False,0.24,24,False,0.31,31,False,0,
IL18,0.29,29,False,0.09,9,False,0.18,18,False,0,
IL18BP,0.25,25,False,0.08,8,False,0.13,13,False,0,
IL18R1,0.21,21,False,0.13,13,False,0.18,18,False,0,
IL18RAP,0.59,59,False,0.29,29,False,0.31,31,False,0,
IL19,0.31,31,False,0.21,21,False,0.21,21,False,0,
IL1A,0.5,50,False,0.36,36,False,0.31,31,False,0,
IL1B,0.24,24,False,0.09,9,False,0.29,29,False,0,
IL1R1,0.42,42,False,0.2,20,False,0.23,23,False,0,
IL1R2,0.54,54,False,0.19,19,False,0.24,24,False,0,
IL1RAP,0.69,69,False,0.35,35,False,0.43,43,False,0,
IL1RL1,0.46,46,False,0.3,30,False,0.32,32,False,0,
IL1RL2,0.69,69,False,0.86,86,True,0.92,92,True,2,HF;Total_CVD
IL1RN,0.19,19,False,0.09,9,False,0.16,16,False,0,
IL2,0.59,59,False,0.31,31,False,0.32,32,False,0,
IL20,0.63,63,False,0.49,49,False,0.87,87,True,1,Total_CVD
IL20RA,0.53,53,False,0.31,31,False,0.33,33,False,0,
IL20RB,0.59,59,False,0.28,28,False,0.33,33,False,0,
IL21R,0.54,54,False,0.3,30,False,0.31,31,False,0,
IL22,0.68,68,False,0.31,31,False,0.36,36,False,0,
IL22RA1,0.51,51,False,0.41,41,False,0.3,30,False,0,
IL24,0.6,60,False,0.31,31,False,0.33,33,False,0,
IL25,0.65,65,False,0.37,37,False,0.44,44,False,0,
IL2RA,0.22,22,False,0.34,34,False,0.2,20,False,0,
IL2RB,0.51,51,False,0.26,26,False,0.31,31,False,0,
IL2RG,0.5,50,False,0.77,77,False,0.26,26,False,0,
IL3,0.62,62,False,0.29,29,False,0.45,45,False,0,
IL31,0.58,58,False,0.32,32,False,0.33,33,False,0,
IL31RA,0.54,54,False,0.3,30,False,0.3,30,False,0,
IL32,0.46,46,False,0.68,68,False,0.84,84,True,1,Total_CVD
IL33,0.85,85,True,0.26,26,False,0.42,42,False,1,ASCVD
IL34,0.54,54,False,0.27,27,False,0.46,46,False,0,
IL36A,0.54,54,False,0.3,30,False,0.27,27,False,0,
IL36G,0.91,91,True,0.21,21,False,0.64,64,False,1,ASCVD
IL3RA,0.57,57,False,0.14,14,False,0.25,25,False,0,
IL4,0.55,55,False,0.31,31,False,0.32,32,False,0,
IL4R,0.27,27,False,0.19,19,False,0.25,25,False,0,
IL5,0.56,56,False,0.34,34,False,0.33,33,False,0,
IL5RA,0.43,43,False,0.22,22,False,0.4,40,False,0,
IL6,0.52,52,False,0.61,61,False,0.27,27,False,0,
IL6R,0.32,32,False,0.37,37,False,0.36,36,False,0,
IL6ST,0.28,28,False,0.16,16,False,0.29,29,False,0,
IL7,0.17,17,False,0.1,10,False,0.13,13,False,0,
IL7R,0.49,49,False,0.45,45,False,0.32,32,False,0,
IL9,0.71,71,False,0.36,36,False,0.4,40,False,0,
ILKAP,0.17,17,False,0.05,5,False,0.12,12,False,0,
IMMT,0.2,20,False,0.07,7,False,0.15,15,False,0,
IMPA1,0.13,13,False,0.06,6,False,0.11,11,False,0,
IMPACT,0.15,15,False,0.07,7,False,0.12,12,False,0,
IMPG1,0.6,60,False,0.34,34,False,0.63,63,False,0,
ING1,0.22,22,False,0.07,7,False,0.14,14,False,0,
INHBB,0.43,43,False,0.81,81,True,0.81,81,True,2,HF;Total_CVD
INHBC,0.47,47,False,0.19,19,False,0.2,20,False,0,
INPP1,0.16,16,False,0.06,6,False,0.11,11,False,0,
INPP5D,0.14,14,False,0.06,6,False,0.11,11,False,0,
INPP5J,0.47,47,False,0.54,54,False,0.3,30,False,0,
INPPL1,0.13,13,False,0.05,5,False,0.1,10,False,0,
INSL3,0.39,39,False,0.21,21,False,0.27,27,False,0,
INSL4,0.37,37,False,0.27,27,False,0.31,31,False,0,
INSL5,0.37,37,False,0.16,16,False,0.21,21,False,0,
INSR,0.53,53,False,0.18,18,False,0.39,39,False,0,
IPCEF1,0.12,12,False,0.21,21,False,0.1,10,False,0,
IQGAP2,0.18,18,False,0.1,10,False,0.2,20,False,0,
IRAG2,0.2,20,False,0.09,9,False,0.15,15,False,0,
IRAK1,0.11,11,False,0.06,6,False,0.12,12,False,0,
IRAK4,0.12,12,False,0.06,6,False,0.11,11,False,0,
ISLR2,0.47,47,False,0.22,22,False,0.28,28,False,0,
ISM1,0.62,62,False,0.11,11,False,0.15,15,False,0,
ISM2,0.54,54,False,0.32,32,False,0.31,31,False,0,
IST1,0.15,15,False,0.04,4,False,0.11,11,False,0,
ITGA11,0.56,56,False,0.25,25,False,0.29,29,False,0,
ITGA2,0.43,43,False,0.21,21,False,0.24,24,False,0,
ITGA5,0.18,18,False,0.17,17,False,0.15,15,False,0,
ITGA6,0.2,20,False,0.11,11,False,0.16,16,False,0,
ITGAL,0.38,38,False,0.17,17,False,0.47,47,False,0,
ITGAM,0.53,53,False,0.55,55,False,0.73,73,False,0,
ITGAV,0.82,82,True,0.26,26,False,0.51,51,False,1,ASCVD
ITGAX,0.53,53,False,0.26,26,False,0.33,33,False,0,
ITGB1,0.31,31,False,0.25,25,False,0.18,18,False,0,
ITGB1BP1,0.82,82,True,0.1,10,False,0.57,57,False,1,ASCVD
ITGB1BP2,0.15,15,False,0.07,7,False,0.14,14,False,0,
ITGB2,0.74,74,False,0.16,16,False,0.66,66,False,0,
ITGB5,0.18,18,False,0.08,8,False,0.14,14,False,0,
ITGB6,0.42,42,False,0.2,20,False,0.4,40,False,0,
ITGB7,0.37,37,False,0.27,27,False,0.16,16,False,0,
ITGBL1,0.27,27,False,0.2,20,False,0.21,21,False,0,
ITIH1,0.36,36,False,0.13,13,False,0.21,21,False,0,
ITIH3,0.46,46,False,0.21,21,False,0.24,24,False,0,
ITIH4,0.46,46,False,0.25,25,False,0.3,30,False,0,
ITIH5,0.59,59,False,0.44,44,False,0.35,35,False,0,
ITM2A,0.97,97,True,0.25,25,False,0.78,78,False,1,ASCVD
ITPA,0.16,16,False,0.08,8,False,0.13,13,False,0,
ITPR1,0.3,30,False,0.18,18,False,0.19,19,False,0,
ITPRIP,0.44,44,False,0.26,26,False,0.26,26,False,0,
IVD,0.52,52,False,0.46,46,False,0.56,56,False,0,
IZUMO1,0.57,57,False,0.63,63,False,0.83,83,True,1,Total_CVD
JAM2,0.17,17,False,0.11,11,False,0.14,14,False,0,
JAM3,0.18,18,False,0.08,8,False,0.12,12,False,0,
JCHAIN,0.41,41,False,0.31,31,False,0.29,29,False,0,
JMJD1C,0.65,65,False,0.34,34,False,0.36,36,False,0,
JPT2,0.13,13,False,0.09,9,False,0.11,11,False,0,
JUN,0.32,32,False,0.12,12,False,0.31,31,False,0,
KAZALD1,0.59,59,False,0.2,20,False,0.34,34,False,0,
KAZN,0.11,11,False,0.07,7,False,0.12,12,False,0,
KCNC4,0.54,54,False,0.37,37,False,0.34,34,False,0,
KCNH2,0.55,55,False,0.41,41,False,0.38,38,False,0,
KCNIP4,0.54,54,False,0.5,50,False,0.44,44,False,0,
KCTD5,0.22,22,False,0.13,13,False,0.17,17,False,0,
KDM3A,0.46,46,False,0.24,24,False,0.24,24,False,0,
KDR,0.46,46,False,0.31,31,False,0.3,30,False,0,
KEL,0.42,42,False,0.3,30,False,0.27,27,False,0,
KHDC3L,0.65,65,False,0.41,41,False,0.39,39,False,0,
KHK,0.16,16,False,0.08,8,False,0.12,12,False,0,
KIAA0319,0.34,34,False,0.28,28,False,0.2,20,False,0,
KIAA1549,0.48,48,False,0.3,30,False,0.36,36,False,0,
KIAA1549L,0.46,46,False,0.2,20,False,0.24,24,False,0,
KIAA2013,0.4,40,False,0.24,24,False,0.31,31,False,0,
KIF1C,0.23,23,False,0.26,26,False,0.2,20,False,0,
KIF20B,0.55,55,False,0.32,32,False,0.39,39,False,0,
KIF22,0.19,19,False,0.11,11,False,0.13,13,False,0,
KIFBP,0.13,13,False,0.06,6,False,0.1,10,False,0,
KIR2DL2,0.47,47,False,0.24,24,False,0.25,25,False,0,
KIR2DL3,0.42,42,False,0.32,32,False,0.45,45,False,0,
KIR2DS4,0.56,56,False,0.31,31,False,0.32,32,False,0,
KIR3DL1,0.64,64,False,0.35,35,False,0.35,35,False,0,
KIR3DL2,0.6,60,False,0.36,36,False,0.42,42,False,0,
KIRREL1,0.69,69,False,0.41,41,False,0.64,64,False,0,
KIRREL2,0.44,44,False,0.17,17,False,0.22,22,False,0,
KIT,0.53,53,False,0.25,25,False,0.3,30,False,0,
KITLG,0.55,55,False,0.29,29,False,0.36,36,False,0,
KLB,0.55,55,False,0.42,42,False,0.32,32,False,0,
KLF4,0.37,37,False,0.09,9,False,0.17,17,False,0,
KLHL41,0.7,70,False,0.17,17,False,0.32,32,False,0,
KLK1,0.55,55,False,0.34,34,False,0.33,33,False,0,
KLK10,0.28,28,False,0.14,14,False,0.17,17,False,0,
KLK11,0.23,23,False,0.15,15,False,0.22,22,False,0,
KLK12,0.75,75,False,0.28,28,False,0.38,38,False,0,
KLK13,0.72,72,False,0.61,61,False,0.95,95,True,1,Total_CVD
KLK14,0.46,46,False,0.37,37,False,0.31,31,False,0,
KLK15,0.57,57,False,0.35,35,False,0.25,25,False,0,
KLK3,0.46,46,False,0.27,27,False,0.48,48,False,0,
KLK4,0.65,65,False,0.99,99,True,0.56,56,False,1,HF
KLK6,0.37,37,False,0.13,13,False,0.56,56,False,0,
KLK7,0.55,55,False,0.23,23,False,0.31,31,False,0,
KLK8,0.31,31,False,0.1,10,False,0.3,30,False,0,
KLKB1,0.43,43,False,0.28,28,False,0.27,27,False,0,
KLRB1,0.26,26,False,0.09,9,False,0.17,17,False,0,
KLRC1,0.49,49,False,0.28,28,False,0.32,32,False,0,
KLRD1,0.31,31,False,0.19,19,False,0.18,18,False,0,
KLRF1,0.28,28,False,0.19,19,False,0.28,28,False,0,
KLRK1,0.37,37,False,0.2,20,False,0.21,21,False,0,
KRT14,0.46,46,False,0.24,24,False,0.38,38,False,0,
KRT17,0.54,54,False,0.36,36,False,0.31,31,False,0,
KRT18,0.25,25,False,0.09,9,False,0.15,15,False,0,
KRT19,0.5,50,False,0.27,27,False,0.44,44,False,0,
KRT5,0.3,30,False,0.23,23,False,0.23,23,False,0,
KRT6C,0.47,47,False,0.28,28,False,0.3,30,False,0,
KRT8,0.28,28,False,0.2,20,False,0.25,25,False,0,
KYAT1,0.1,10,False,0.07,7,False,0.14,14,False,0,
KYNU,0.3,30,False,0.08,8,False,0.71,71,False,0,
L1CAM,0.56,56,False,0.16,16,False,0.27,27,False,0,
L3HYPDH,0.11,11,False,0.04,4,False,0.1,10,False,0,
LACRT,0.5,50,False,0.28,28,False,0.27,27,False,0,
LACTB2,0.12,12,False,0.04,4,False,0.11,11,False,0,
LAG3,0.39,39,False,0.17,17,False,0.21,21,False,0,
LAIR1,0.21,21,False,0.13,13,False,0.15,15,False,0,
LAIR2,0.52,52,False,0.69,69,False,0.35,35,False,0,
LAMA1,0.71,71,False,0.63,63,False,0.48,48,False,0,
LAMA4,0.18,18,False,0.65,65,False,0.2,20,False,0,
LAMB1,0.31,31,False,0.91,91,True,0.24,24,False,1,HF
LAMP1,0.37,37,False,0.2,20,False,0.32,32,False,0,
LAMP2,0.29,29,False,0.14,14,False,0.21,21,False,0,
LAMP3,0.51,51,False,0.77,77,False,0.29,29,False,0,
LAMTOR5,0.43,43,False,0.21,21,False,0.14,14,False,0,
LAP3,0.2,20,False,0.08,8,False,0.13,13,False,0,
LARP1,0.14,14,False,0.22,22,False,0.14,14,False,0,
LAT,0.17,17,False,0.05,5,False,0.11,11,False,0,
LAT2,0.14,14,False,0.06,6,False,0.11,11,False,0,
LATS1,0.11,11,False,0.06,6,False,0.11,11,False,0,
LAYN,0.18,18,False,0.29,29,False,0.3,30,False,0,
LBP,0.44,44,False,0.3,30,False,0.24,24,False,0,
LBR,0.15,15,False,0.08,8,False,0.14,14,False,0,
LCAT,0.32,32,False,0.18,18,False,0.23,23,False,0,
LCN15,0.6,60,False,0.2,20,False,0.45,45,False,0,
LCN2,0.19,19,False,0.12,12,False,0.14,14,False,0,
LCP1,0.52,52,False,0.19,19,False,0.25,25,False,0,
LDLR,0.28,28,False,0.17,17,False,0.23,23,False,0,
LDLRAP1,0.15,15,False,0.05,5,False,0.1,10,False,0,
LECT2,0.46,46,False,0.16,16,False,0.21,21,False,0,
LEFTY2,0.51,51,False,0.79,79,False,0.83,83,True,1,Total_CVD
LEG1,0.5,50,False,0.31,31,False,0.29,29,False,0,
LELP1,0.57,57,False,0.78,78,False,0.33,33,False,0,
LEO1,0.3,30,False,0.72,72,False,0.21,21,False,0,
LEP,0.51,51,False,0.16,16,False,0.28,28,False,0,
LEPR,0.47,47,False,0.31,31,False,0.27,27,False,0,
LETM1,0.2,20,False,0.09,9,False,0.14,14,False,0,
LGALS1,0.23,23,False,0.08,8,False,0.13,13,False,0,
LGALS3,0.29,29,False,0.17,17,False,0.22,22,False,0,
LGALS3BP,0.37,37,False,0.13,13,False,0.19,19,False,0,
LGALS4,0.3,30,False,0.1,10,False,0.18,18,False,0,
LGALS7_LGALS7B,0.31,31,False,0.16,16,False,0.24,24,False,0,
LGALS8,0.09,9,False,0.06,6,False,0.14,14,False,0,
LGALS9,0.18,18,False,0.11,11,False,0.15,15,False,0,
LGMN,0.21,21,False,0.2,20,False,0.22,22,False,0,
LHB,0.54,54,False,0.61,61,False,0.39,39,False,0,
LHPP,0.22,22,False,0.14,14,False,0.2,20,False,0,
LIF,0.44,44,False,0.2,20,False,0.29,29,False,0,
LIFR,0.37,37,False,0.21,21,False,0.19,19,False,0,
LILRA2,0.2,20,False,0.43,43,False,0.24,24,False,0,
LILRA3,0.51,51,False,0.44,44,False,0.46,46,False,0,
LILRA4,0.47,47,False,0.32,32,False,0.31,31,False,0,
LILRA5,0.23,23,False,0.72,72,False,0.65,65,False,0,
LILRA6,0.51,51,False,0.19,19,False,0.47,47,False,0,
LILRB1,0.32,32,False,0.31,31,False,0.32,32,False,0,
LILRB2,0.38,38,False,0.46,46,False,0.54,54,False,0,
LILRB4,0.35,35,False,0.15,15,False,0.39,39,False,0,
LILRB5,0.49,49,False,0.3,30,False,0.25,25,False,0,
LIPF,0.57,57,False,0.22,22,False,0.32,32,False,0,
LMNB1,0.34,34,False,0.15,15,False,0.22,22,False,0,
LMNB2,0.21,21,False,0.14,14,False,0.19,19,False,0,
LMOD1,0.38,38,False,0.24,24,False,0.32,32,False,0,
LMOD2,0.53,53,False,0.34,34,False,0.34,34,False,0,
LONP1,0.12,12,False,0.06,6,False,0.14,14,False,0,
LPA,0.96,96,True,0.77,77,False,0.99,99,True,2,ASCVD;Total_CVD
LPCAT2,0.27,27,False,0.14,14,False,0.21,21,False,0,
LPL,0.51,51,False,0.21,21,False,0.3,30,False,0,
LPO,0.51,51,False,0.41,41,False,0.4,40,False,0,
LPP,0.14,14,False,0.09,9,False,0.14,14,False,0,
LRCH4,0.16,16,False,0.06,6,False,0.11,11,False,0,
LRFN2,0.41,41,False,0.22,22,False,0.31,31,False,0,
LRG1,0.55,55,False,0.17,17,False,0.26,26,False,0,
LRIG1,0.58,58,False,0.18,18,False,0.26,26,False,0,
LRIG3,0.39,39,False,0.22,22,False,0.23,23,False,0,
LRP1,0.42,42,False,0.16,16,False,0.27,27,False,0,
LRP11,0.23,23,False,0.1,10,False,0.12,12,False,0,
LRP2,0.49,49,False,0.27,27,False,0.3,30,False,0,
LRP2BP,0.46,46,False,0.39,39,False,0.29,29,False,0,
LRPAP1,0.29,29,False,0.15,15,False,0.21,21,False,0,
LRRC25,0.25,25,False,0.09,9,False,0.14,14,False,0,
LRRC37A2,0.44,44,False,0.3,30,False,0.28,28,False,0,
LRRC38,0.49,49,False,0.25,25,False,0.3,30,False,0,
LRRC59,0.14,14,False,0.07,7,False,0.1,10,False,0,
LRRFIP1,0.14,14,False,0.08,8,False,0.11,11,False,0,
LRRN1,0.59,59,False,0.98,98,True,0.76,76,False,1,HF
LRTM1,0.65,65,False,0.38,38,False,0.42,42,False,0,
LRTM2,0.68,68,False,0.94,94,True,0.9,90,True,2,HF;Total_CVD
LSM1,0.28,28,False,0.11,11,False,0.17,17,False,0,
LSM8,0.55,55,False,0.27,27,False,0.32,32,False,0,
LSP1,0.25,25,False,0.19,19,False,0.23,23,False,0,
LTA,0.58,58,False,0.23,23,False,0.33,33,False,0,
LTA4H,0.4,40,False,0.22,22,False,0.33,33,False,0,
LTB,0.51,51,False,0.27,27,False,0.56,56,False,0,
LTBP2,0.99,99,True,1.0,100,True,1.0,100,True,3,ASCVD;HF;Total_CVD
LTBP3,0.32,32,False,0.13,13,False,0.24,24,False,0,
LTBR,0.16,16,False,0.06,6,False,0.12,12,False,0,
LTO1,0.49,49,False,0.45,45,False,0.31,31,False,0,
LUZP2,0.49,49,False,0.22,22,False,0.27,27,False,0,
LXN,0.5,50,False,0.2,20,False,0.26,26,False,0,
LY6D,0.25,25,False,0.11,11,False,0.17,17,False,0,
LY75,0.74,74,False,0.23,23,False,0.3,30,False,0,
LY9,0.27,27,False,0.13,13,False,0.16,16,False,0,
LY96,0.69,69,False,0.52,52,False,0.23,23,False,0,
LYAR,0.39,39,False,0.38,38,False,0.26,26,False,0,
LYN,0.13,13,False,0.05,5,False,0.12,12,False,0,
LYPD1,0.55,55,False,0.37,37,False,0.3,30,False,0,
LYPD3,0.52,52,False,0.25,25,False,0.29,29,False,0,
LYPD8,0.54,54,False,0.27,27,False,0.36,36,False,0,
LYPLA2,0.61,61,False,0.35,35,False,0.34,34,False,0,
LYSMD3,0.4,40,False,0.25,25,False,0.26,26,False,0,
LYVE1,0.56,56,False,0.59,59,False,0.75,75,False,0,
LYZL2,0.46,46,False,0.25,25,False,0.24,24,False,0,
LZTFL1,0.11,11,False,0.07,7,False,0.12,12,False,0,
M6PR,0.58,58,False,0.16,16,False,0.35,35,False,0,
MAD1L1,0.19,19,False,0.1,10,False,0.16,16,False,0,
MAEA,0.35,35,False,0.17,17,False,0.25,25,False,0,
MAG,0.52,52,False,0.39,39,False,0.33,33,False,0,
MAGEA3,0.56,56,False,0.35,35,False,0.31,31,False,0,
MAGED1,0.15,15,False,0.07,7,False,0.16,16,False,0,
MAMDC2,0.24,24,False,0.19,19,False,0.26,26,False,0,
MAMDC4,0.74,74,False,0.32,32,False,0.47,47,False,0,
MAN1A2,0.8,80,True,0.13,13,False,0.22,22,False,1,ASCVD
MAN2B2,0.43,43,False,0.35,35,False,0.28,28,False,0,
MANEAL,0.5,50,False,0.31,31,False,0.28,28,False,0,
MANF,0.15,15,False,0.07,7,False,0.13,13,False,0,
MANSC1,0.19,19,False,0.09,9,False,0.15,15,False,0,
MANSC4,0.56,56,False,0.23,23,False,0.37,37,False,0,
MAP1LC3A,0.36,36,False,0.21,21,False,0.31,31,False,0,
MAP1LC3B2,0.55,55,False,0.31,31,False,0.3,30,False,0,
MAP2,0.18,18,False,0.06,6,False,0.14,14,False,0,
MAP2K1,0.13,13,False,0.08,8,False,0.09,9,False,0,
MAP2K6,0.09,9,False,0.05,5,False,0.1,10,False,0,
MAP3K5,0.18,18,False,0.05,5,False,0.12,12,False,0,
MAP4K5,0.15,15,False,0.04,4,False,0.1,10,False,0,
MAPK13,0.33,33,False,0.18,18,False,0.2,20,False,0,
MAPK9,0.21,21,False,0.28,28,False,0.2,20,False,0,
MAPKAPK2,0.16,16,False,0.07,7,False,0.08,8,False,0,
MAPRE3,0.43,43,False,0.21,21,False,0.25,25,False,0,
MAPT,0.61,61,False,0.24,24,False,0.43,43,False,0,
MARCO,0.21,21,False,0.1,10,False,0.17,17,False,0,
MARS1,0.12,12,False,0.06,6,False,0.11,11,False,0,
MASP1,0.5,50,False,0.17,17,False,0.32,32,False,0,
MATN2,0.25,25,False,0.26,26,False,0.22,22,False,0,
MATN3,0.37,37,False,0.22,22,False,0.22,22,False,0,
MAVS,0.11,11,False,0.06,6,False,0.13,13,False,0,
MAX,0.12,12,False,0.08,8,False,0.12,12,False,0,
MB,0.23,23,False,0.13,13,False,0.16,16,False,0,
MBL2,0.57,57,False,0.73,73,False,0.45,45,False,0,
MCAM,0.4,40,False,0.23,23,False,0.23,23,False,0,
MCEE,0.32,32,False,0.2,20,False,0.25,25,False,0,
MCEMP1,0.16,16,False,0.1,10,False,0.13,13,False,0,
MCFD2,0.15,15,False,0.07,7,False,0.15,15,False,0,
MCTS1,0.42,42,False,0.19,19,False,0.28,28,False,0,
MDGA1,0.53,53,False,0.29,29,False,0.34,34,False,0,
MDH1,0.13,13,False,0.06,6,False,0.1,10,False,0,
MDK,0.16,16,False,0.15,15,False,0.13,13,False,0,
MDM1,0.2,20,False,0.1,10,False,0.14,14,False,0,
MECR,0.12,12,False,0.07,7,False,0.09,9,False,0,
MED18,0.09,9,False,0.04,4,False,0.11,11,False,0,
MED21,0.43,43,False,0.64,64,False,0.41,41,False,0,
MEGF10,0.42,42,False,0.18,18,False,0.28,28,False,0,
MEGF11,0.37,37,False,0.17,17,False,0.22,22,False,0,
MEGF9,0.3,30,False,0.11,11,False,0.22,22,False,0,
MELTF,0.59,59,False,0.27,27,False,0.33,33,False,0,
MENT,0.46,46,False,0.33,33,False,0.3,30,False,0,
MEP1A,0.47,47,False,0.23,23,False,0.21,21,False,0,
MEP1B,0.51,51,False,0.88,88,True,0.38,38,False,1,HF
MEPE,0.34,34,False,0.33,33,False,0.38,38,False,0,
MERTK,0.3,30,False,0.42,42,False,0.3,30,False,0,
MESD,0.1,10,False,0.08,8,False,0.11,11,False,0,
MET,0.39,39,False,0.32,32,False,0.26,26,False,0,
METAP1,0.41,41,False,0.24,24,False,0.28,28,False,0,
METAP1D,0.14,14,False,0.05,5,False,0.1,10,False,0,
METAP2,0.13,13,False,0.07,7,False,0.09,9,False,0,
MFAP3,0.5,50,False,0.31,31,False,0.32,32,False,0,
MFAP3L,0.49,49,False,0.27,27,False,0.32,32,False,0,
MFAP4,0.31,31,False,0.17,17,False,0.22,22,False,0,
MFAP5,0.26,26,False,0.14,14,False,0.16,16,False,0,
MFGE8,0.49,49,False,0.1,10,False,0.21,21,False,0,
MGLL,0.13,13,False,0.07,7,False,0.1,10,False,0,
MGMT,0.13,13,False,0.06,6,False,0.1,10,False,0,
MIA,0.36,36,False,0.13,13,False,0.25,25,False,0,
MICALL2,0.14,14,False,0.1,10,False,0.15,15,False,0,
MICB_MICA,0.89,89,True,0.52,52,False,0.82,82,True,2,ASCVD;Total_CVD
MIF,0.14,14,False,0.08,8,False,0.11,11,False,0,
MILR1,0.66,66,False,0.71,71,False,0.85,85,True,1,Total_CVD
MINDY1,0.12,12,False,0.07,7,False,0.09,9,False,0,
MINK1,0.14,14,False,0.06,6,False,0.11,11,False,0,
MITD1,0.12,12,False,0.07,7,False,0.12,12,False,0,
MKI67,0.33,33,False,0.38,38,False,0.16,16,False,0,
MLLT1,0.53,53,False,0.48,48,False,0.3,30,False,0,
MLN,0.62,62,False,0.2,20,False,0.32,32,False,0,
MME,0.52,52,False,0.15,15,False,0.21,21,False,0,
MMP1,0.6,60,False,0.1,10,False,0.23,23,False,0,
MMP10,0.41,41,False,0.21,21,False,0.25,25,False,0,
MMP12,1.0,100,True,0.55,55,False,1.0,100,True,2,ASCVD;Total_CVD
MMP13,0.5,50,False,0.23,23,False,0.29,29,False,0,
MMP15,0.67,67,False,0.31,31,False,0.47,47,False,0,
MMP3,0.45,45,False,0.25,25,False,0.42,42,False,0,
MMP7,0.52,52,False,0.28,28,False,0.41,41,False,0,
MMP8,0.32,32,False,0.33,33,False,0.29,29,False,0,
MMP9,0.35,35,False,0.23,23,False,0.28,28,False,0,
MMUT,0.19,19,False,0.14,14,False,0.15,15,False,0,
MN1,0.47,47,False,0.25,25,False,0.33,33,False,0,
MNAT1,0.43,43,False,0.2,20,False,0.24,24,False,0,
MNDA,0.32,32,False,0.2,20,False,0.21,21,False,0,
MOCS2,0.16,16,False,0.05,5,False,0.12,12,False,0,
MOG,0.27,27,False,0.33,33,False,0.44,44,False,0,
MORC3,0.26,26,False,0.4,40,False,0.25,25,False,0,
MORF4L1,0.43,43,False,0.28,28,False,0.24,24,False,0,
MORF4L2,0.29,29,False,0.16,16,False,0.24,24,False,0,
MORN4,0.55,55,False,0.31,31,False,0.35,35,False,0,
MPHOSPH8,0.13,13,False,0.03,3,False,0.09,9,False,0,
MPI,0.12,12,False,0.05,5,False,0.09,9,False,0,
MPIG6B,0.14,14,False,0.07,7,False,0.11,11,False,0,
MPO,0.3,30,False,0.66,66,False,0.43,43,False,0,
MPRIP,0.37,37,False,0.27,27,False,0.26,26,False,0,
MRC1,0.41,41,False,0.16,16,False,0.18,18,False,0,
MRI1,0.23,23,False,0.1,10,False,0.17,17,False,0,
MRPL24,0.29,29,False,0.25,25,False,0.23,23,False,0,
MRPL28,0.57,57,False,0.36,36,False,0.32,32,False,0,
MRPL46,0.25,25,False,0.24,24,False,0.15,15,False,0,
MRPL52,0.48,48,False,0.49,49,False,0.44,44,False,0,
MRPL58,0.25,25,False,0.14,14,False,0.16,16,False,0,
MRPS16,0.36,36,False,0.28,28,False,0.28,28,False,0,
MSLN,0.98,98,True,0.57,57,False,0.88,88,True,2,ASCVD;Total_CVD
MSLNL,0.49,49,False,0.34,34,False,0.35,35,False,0,
MSMB,0.5,50,False,0.17,17,False,0.26,26,False,0,
MSR1,0.44,44,False,0.73,73,False,0.87,87,True,1,Total_CVD
MSRA,0.1,10,False,0.06,6,False,0.1,10,False,0,
MST1,0.53,53,False,0.31,31,False,0.72,72,False,0,
MSTN,0.39,39,False,0.44,44,False,0.36,36,False,0,
MTDH,0.11,11,False,0.07,7,False,0.09,9,False,0,
MTHFD2,0.28,28,False,0.28,28,False,0.22,22,False,0,
MTHFSD,0.12,12,False,0.05,5,False,0.11,11,False,0,
MTIF3,0.12,12,False,0.04,4,False,0.07,7,False,0,
MTPN,0.25,25,False,0.2,20,False,0.25,25,False,0,
MTR,0.32,32,False,0.22,22,False,0.2,20,False,0,
MTSS1,0.18,18,False,0.07,7,False,0.09,9,False,0,
MTSS2,0.14,14,False,0.07,7,False,0.11,11,False,0,
MTUS1,0.26,26,False,0.41,41,False,0.22,22,False,0,
MUC13,0.31,31,False,0.23,23,False,0.39,39,False,0,
MUC16,0.61,61,False,0.28,28,False,0.37,37,False,0,
MUC2,0.58,58,False,0.28,28,False,0.29,29,False,0,
MUCL3,0.51,51,False,0.24,24,False,0.38,38,False,0,
MVK,0.16,16,False,0.06,6,False,0.15,15,False,0,
MXRA8,0.88,88,True,0.19,19,False,0.78,78,False,1,ASCVD
MYBPC1,0.32,32,False,0.22,22,False,0.18,18,False,0,
MYBPC2,0.92,92,True,0.66,66,False,0.94,94,True,2,ASCVD;Total_CVD
MYCBP2,0.17,17,False,0.06,6,False,0.15,15,False,0,
MYDGF,0.13,13,False,0.06,6,False,0.1,10,False,0,
MYH4,0.43,43,False,0.64,64,False,0.25,25,False,0,
MYH7B,0.5,50,False,0.28,28,False,0.3,30,False,0,
MYH9,0.15,15,False,0.07,7,False,0.11,11,False,0,
MYL1,0.64,64,False,0.26,26,False,0.3,30,False,0,
MYL3,0.27,27,False,0.14,14,False,0.18,18,False,0,
MYL4,0.51,51,False,0.28,28,False,0.41,41,False,0,
MYL6B,0.4,40,False,0.28,28,False,0.22,22,False,0,
MYLPF,0.83,83,True,0.82,82,True,0.99,99,True,3,ASCVD;HF;Total_CVD
MYO6,0.27,27,False,0.18,18,False,0.18,18,False,0,
MYO9B,0.16,16,False,0.1,10,False,0.12,12,False,0,
MYOC,0.73,73,False,0.38,38,False,0.22,22,False,0,
MYOM1,0.54,54,False,0.27,27,False,0.31,31,False,0,
MYOM2,0.48,48,False,0.27,27,False,0.26,26,False,0,
MYOM3,0.41,41,False,0.24,24,False,0.26,26,False,0,
MZB1,0.37,37,False,0.14,14,False,0.16,16,False,0,
MZT1,0.18,18,False,0.06,6,False,0.11,11,False,0,
NAA10,0.19,19,False,0.08,8,False,0.13,13,False,0,
NAA80,0.13,13,False,0.04,4,False,0.08,8,False,0,
NAAA,0.51,51,False,0.25,25,False,0.31,31,False,0,
NACC1,0.18,18,False,0.09,9,False,0.14,14,False,0,
NADK,0.65,65,False,0.13,13,False,0.44,44,False,0,
NAGA,0.2,20,False,0.11,11,False,0.14,14,False,0,
NAGK,0.16,16,False,0.07,7,False,0.13,13,False,0,
NAGPA,0.34,34,False,0.31,31,False,0.21,21,False,0,
NAMPT,0.23,23,False,0.22,22,False,0.18,18,False,0,
NAP1L4,0.17,17,False,0.07,7,False,0.13,13,False,0,
NAPRT,0.3,30,False,0.15,15,False,0.18,18,False,0,
NARS1,0.14,14,False,0.12,12,False,0.09,9,False,0,
NBL1,0.28,28,False,0.07,7,False,0.25,25,False,0,
NBN,0.23,23,False,0.13,13,False,0.21,21,False,0,
NCAM1,0.53,53,False,0.3,30,False,0.4,40,False,0,
NCAM2,0.49,49,False,0.29,29,False,0.28,28,False,0,
NCAN,0.53,53,False,0.44,44,False,0.44,44,False,0,
NCF2,0.25,25,False,0.12,12,False,0.19,19,False,0,
NCK2,0.11,11,False,0.05,5,False,0.11,11,False,0,
NCLN,0.46,46,False,0.29,29,False,0.29,29,False,0,
NCR1,0.17,17,False,0.09,9,False,0.1,10,False,0,
NCR3LG1,0.36,36,False,0.14,14,False,0.15,15,False,0,
NCS1,0.37,37,False,0.18,18,False,0.22,22,False,0,
NDRG1,0.47,47,False,0.15,15,False,0.26,26,False,0,
NDST1,0.49,49,False,0.27,27,False,0.43,43,False,0,
NDUFA5,0.19,19,False,0.1,10,False,0.16,16,False,0,
NDUFB7,0.14,14,False,0.05,5,False,0.11,11,False,0,
NDUFS6,0.29,29,False,0.22,22,False,0.14,14,False,0,
NEB,0.48,48,False,0.27,27,False,0.28,28,False,0,
NECAP2,0.26,26,False,0.11,11,False,0.14,14,False,0,
NECTIN1,0.61,61,False,0.31,31,False,0.34,34,False,0,
NECTIN2,0.18,18,False,0.05,5,False,0.15,15,False,0,
NECTIN4,0.16,16,False,0.07,7,False,0.11,11,False,0,
NEDD4L,0.22,22,False,0.09,9,False,0.13,13,False,0,
NEDD9,0.37,37,False,0.59,59,False,0.18,18,False,0,
NEFL,0.97,97,True,0.32,32,False,0.99,99,True,2,ASCVD;Total_CVD
NEK7,0.22,22,False,0.1,10,False,0.14,14,False,0,
NELL1,0.48,48,False,0.21,21,False,0.5,50,False,0,
NELL2,0.38,38,False,0.66,66,False,0.33,33,False,0,
NENF,0.4,40,False,0.2,20,False,0.26,26,False,0,
NEO1,0.31,31,False,0.14,14,False,0.18,18,False,0,
NEXN,0.14,14,False,0.07,7,False,0.11,11,False,0,
NFASC,0.35,35,False,0.19,19,False,0.24,24,False,0,
NFAT5,0.17,17,False,0.08,8,False,0.13,13,False,0,
NFATC1,0.15,15,False,0.07,7,False,0.09,9,False,0,
NFATC3,0.44,44,False,0.72,72,False,0.3,30,False,0,
NFE2,0.13,13,False,0.05,5,False,0.1,10,False,0,
NFIC,0.43,43,False,0.14,14,False,0.26,26,False,0,
NFKB1,0.11,11,False,0.05,5,False,0.11,11,False,0,
NFKB2,0.56,56,False,0.32,32,False,0.3,30,False,0,
NFKBIE,0.19,19,False,0.06,6,False,0.15,15,False,0,
NFU1,0.1,10,False,0.06,6,False,0.11,11,False,0,
NFX1,0.19,19,False,0.05,5,False,0.12,12,False,0,
NFYA,0.29,29,False,0.13,13,False,0.19,19,False,0,
NGF,0.51,51,False,0.34,34,False,0.32,32,False,0,
NGFR,0.4,40,False,0.24,24,False,0.24,24,False,0,
NGRN,0.25,25,False,0.23,23,False,0.16,16,False,0,
NHLRC3,0.25,25,False,0.19,19,False,0.28,28,False,0,
NID1,0.19,19,False,0.1,10,False,0.16,16,False,0,
NID2,0.51,51,False,0.13,13,False,0.46,46,False,0,
NINJ1,0.37,37,False,0.21,21,False,0.27,27,False,0,
NIT1,0.12,12,False,0.08,8,False,0.1,10,False,0,
NIT2,0.1,10,False,0.07,7,False,0.11,11,False,0,
NLGN1,0.48,48,False,0.28,28,False,0.28,28,False,0,
NLGN2,0.56,56,False,0.29,29,False,0.33,33,False,0,
NME1,0.44,44,False,0.18,18,False,0.24,24,False,0,
NME3,0.41,41,False,0.33,33,False,0.27,27,False,0,
NMI,0.35,35,False,0.11,11,False,0.48,48,False,0,
NMNAT1,0.39,39,False,0.21,21,False,0.25,25,False,0,
NMRK2,0.72,72,False,0.28,28,False,0.48,48,False,0,
NMT1,0.14,14,False,0.07,7,False,0.14,14,False,0,
NOMO1,0.2,20,False,0.11,11,False,0.52,52,False,0,
NOP56,0.56,56,False,0.35,35,False,0.32,32,False,0,
NOS1,0.41,41,False,0.16,16,False,0.28,28,False,0,
NOS2,0.42,42,False,0.29,29,False,0.24,24,False,0,
NOS3,0.33,33,False,0.14,14,False,0.2,20,False,0,
NOTCH1,0.76,76,False,0.44,44,False,0.56,56,False,0,
NOTCH2,0.35,35,False,0.12,12,False,0.2,20,False,0,
NOTCH3,0.66,66,False,0.18,18,False,0.62,62,False,0,
NPC2,0.36,36,False,0.39,39,False,0.26,26,False,0,
NPDC1,0.2,20,False,0.09,9,False,0.13,13,False,0,
NPHS1,0.42,42,False,0.14,14,False,0.23,23,False,0,
NPHS2,0.69,69,False,0.44,44,False,0.45,45,False,0,
NPL,0.35,35,False,0.17,17,False,0.19,19,False,0,
NPM1,0.43,43,False,0.13,13,False,0.28,28,False,0,
NPPB,0.98,98,True,0.64,64,False,1.0,100,True,2,ASCVD;Total_CVD
NPPC,0.16,16,False,0.11,11,False,0.13,13,False,0,
NPR1,0.55,55,False,0.74,74,False,0.67,67,False,0,
NPTN,0.82,82,True,0.32,32,False,0.46,46,False,1,ASCVD
NPTX1,0.48,48,False,0.34,34,False,0.27,27,False,0,
NPTX2,0.45,45,False,0.22,22,False,0.31,31,False,0,
NPTXR,0.56,56,False,0.24,24,False,0.56,56,False,0,
NPY,0.34,34,False,0.18,18,False,0.25,25,False,0,
NRCAM,0.45,45,False,0.34,34,False,0.62,62,False,0,
NRGN,0.14,14,False,0.04,4,False,0.12,12,False,0,
NRN1,0.39,39,False,0.22,22,False,0.27,27,False,0,
NRP1,0.3,30,False,0.19,19,False,0.2,20,False,0,
NRP2,0.23,23,False,0.14,14,False,0.16,16,False,0,
NRTN,0.54,54,False,0.3,30,False,0.33,33,False,0,
NRXN3,0.57,57,False,0.37,37,False,0.4,40,False,0,
NSFL1C,0.12,12,False,0.05,5,False,0.08,8,False,0,
NT5C,0.15,15,False,0.04,4,False,0.11,11,False,0,
NT5C1A,0.21,21,False,0.4,40,False,0.17,17,False,0,
NT5C3A,0.15,15,False,0.09,9,False,0.15,15,False,0,
NT5E,0.41,41,False,0.27,27,False,0.28,28,False,0,
NTF3,0.85,85,True,0.28,28,False,0.49,49,False,1,ASCVD
NTF4,0.55,55,False,0.75,75,False,0.36,36,False,0,
NTRK2,0.63,63,False,0.35,35,False,0.44,44,False,0,
NTRK3,0.48,48,False,0.22,22,False,0.3,30,False,0,
NTproBNP,1.0,100,True,1.0,100,True,1.0,100,True,3,ASCVD;HF;Total_CVD
NUB1,0.13,13,False,0.08,8,False,0.12,12,False,0,
NUBP1,0.39,39,False,0.17,17,False,0.39,39,False,0,
NUCB2,0.27,27,False,0.07,7,False,0.16,16,False,0,
NUDC,0.16,16,False,0.08,8,False,0.09,9,False,0,
NUDT10,0.41,41,False,0.15,15,False,0.21,21,False,0,
NUDT15,0.49,49,False,0.28,28,False,0.35,35,False,0,
NUDT16,0.16,16,False,0.06,6,False,0.12,12,False,0,
NUDT2,0.19,19,False,0.07,7,False,0.16,16,False,0,
NUDT5,0.14,14,False,0.05,5,False,0.12,12,False,0,
NUMB,0.11,11,False,0.07,7,False,0.09,9,False,0,
NUP50,0.36,36,False,0.24,24,False,0.26,26,False,0,
NXPE4,0.58,58,False,0.33,33,False,0.35,35,False,0,
NXPH1,0.45,45,False,0.21,21,False,0.25,25,False,0,
NXPH3,0.37,37,False,0.18,18,False,0.26,26,False,0,
OBP2B,0.45,45,False,0.29,29,False,0.27,27,False,0,
OCLN,0.26,26,False,0.15,15,False,0.17,17,False,0,
ODAM,0.96,96,True,0.71,71,False,0.96,96,True,2,ASCVD;Total_CVD
OFD1,0.56,56,False,0.27,27,False,0.3,30,False,0,
OGA,0.1,10,False,0.07,7,False,0.1,10,False,0,
OGFR,0.22,22,False,0.08,8,False,0.13,13,False,0,
OGN,0.21,21,False,0.1,10,False,0.16,16,False,0,
OGT,0.44,44,False,0.41,41,False,0.3,30,False,0,
OLFM4,0.42,42,False,0.2,20,False,0.22,22,False,0,
OLR1,0.33,33,False,0.16,16,False,0.22,22,False,0,
OMD,0.38,38,False,0.24,24,False,0.25,25,False,0,
OMG,0.65,65,False,0.34,34,False,0.33,33,False,0,
OMP,0.55,55,False,0.31,31,False,0.29,29,False,0,
OPHN1,0.16,16,False,0.03,3,False,0.12,12,False,0,
OPLAH,0.13,13,False,0.11,11,False,0.12,12,False,0,
OPTC,0.44,44,False,0.73,73,False,0.49,49,False,0,
ORM1,0.4,40,False,0.21,21,False,0.58,58,False,0,
OSBPL2,0.41,41,False,0.45,45,False,0.28,28,False,0,
OSCAR,0.18,18,False,0.1,10,False,0.18,18,False,0,
OSM,0.26,26,False,0.13,13,False,0.17,17,False,0,
OSMR,0.32,32,False,0.15,15,False,0.18,18,False,0,
OSTN,0.45,45,False,0.75,75,False,0.4,40,False,0,
OTOA,0.5,50,False,0.32,32,False,0.38,38,False,0,
OTUD6B,0.15,15,False,0.06,6,False,0.08,8,False,0,
OTUD7B,0.13,13,False,0.07,7,False,0.11,11,False,0,
OXCT1,0.13,13,False,0.04,4,False,0.13,13,False,0,
OXT,0.42,42,False,0.16,16,False,0.28,28,False,0,
P4HB,0.15,15,False,0.06,6,False,0.1,10,False,0,
PACS2,0.16,16,False,0.07,7,False,0.11,11,False,0,
PADI2,0.43,43,False,0.71,71,False,0.51,51,False,0,
PADI4,0.39,39,False,0.16,16,False,0.27,27,False,0,
PAEP,0.56,56,False,0.4,40,False,0.31,31,False,0,
PAFAH1B3,0.39,39,False,0.17,17,False,0.23,23,False,0,
PAFAH2,0.21,21,False,0.07,7,False,0.13,13,False,0,
PAG1,0.2,20,False,0.09,9,False,0.17,17,False,0,
PAGR1,0.13,13,False,0.07,7,False,0.14,14,False,0,
PAIP2B,0.38,38,False,0.13,13,False,0.17,17,False,0,
PAK4,0.18,18,False,0.13,13,False,0.13,13,False,0,
PALLD,0.45,45,False,0.21,21,False,0.31,31,False,0,
PALM,0.18,18,False,0.06,6,False,0.15,15,False,0,
PALM2,0.21,21,False,0.13,13,False,0.12,12,False,0,
PALM3,0.38,38,False,0.17,17,False,0.24,24,False,0,
PAM,0.17,17,False,0.1,10,False,0.16,16,False,0,
PAMR1,0.34,34,False,0.22,22,False,0.41,41,False,0,
PAPPA,0.59,59,False,0.28,28,False,0.38,38,False,0,
PARD3,0.3,30,False,0.13,13,False,0.16,16,False,0,
PARK7,0.11,11,False,0.07,7,False,0.11,11,False,0,
PARP1,0.21,21,False,0.11,11,False,0.16,16,False,0,
PAXX,0.22,22,False,0.08,8,False,0.14,14,False,0,
PBK,0.47,47,False,0.25,25,False,0.26,26,False,0,
PBLD,0.17,17,False,0.35,35,False,0.56,56,False,0,
PBXIP1,0.23,23,False,0.13,13,False,0.17,17,False,0,
PCARE,0.54,54,False,0.42,42,False,0.31,31,False,0,
PCBD1,0.23,23,False,0.12,12,False,0.17,17,False,0,
PCBP2,0.11,11,False,0.07,7,False,0.12,12,False,0,
PCDH1,0.4,40,False,0.26,26,False,0.25,25,False,0,
PCDH12,0.41,41,False,0.42,42,False,0.33,33,False,0,
PCDH17,0.18,18,False,0.11,11,False,0.13,13,False,0,
PCDH7,0.35,35,False,0.13,13,False,0.2,20,False,0,
PCDH9,0.3,30,False,0.26,26,False,0.23,23,False,0,
PCDHB15,0.57,57,False,0.34,34,False,0.24,24,False,0,
PCNA,0.37,37,False,0.42,42,False,0.27,27,False,0,
PCOLCE,0.3,30,False,0.19,19,False,0.17,17,False,0,
PCSK7,0.51,51,False,0.43,43,False,0.32,32,False,0,
PCSK9,0.54,54,False,0.25,25,False,0.31,31,False,0,
PCYT2,0.13,13,False,0.07,7,False,0.12,12,False,0,
PDAP1,0.11,11,False,0.09,9,False,0.11,11,False,0,
PDCD1,0.22,22,False,0.08,8,False,0.13,13,False,0,
PDCD1LG2,0.31,31,False,0.14,14,False,0.21,21,False,0,
PDCD5,0.13,13,False,0.07,7,False,0.1,10,False,0,
PDCD6,0.45,45,False,0.46,46,False,0.25,25,False,0,
PDCL2,0.5,50,False,0.62,62,False,0.25,25,False,0,
PDE1C,0.55,55,False,0.35,35,False,0.46,46,False,0,
PDE4D,0.45,45,False,0.3,30,False,0.28,28,False,0,
PDE5A,0.15,15,False,0.04,4,False,0.13,13,False,0,
PDGFA,0.17,17,False,0.1,10,False,0.15,15,False,0,
PDGFB,0.16,16,False,0.06,6,False,0.13,13,False,0,
PDGFC,0.6,60,False,0.21,21,False,0.58,58,False,0,
PDGFRA,0.36,36,False,0.27,27,False,0.2,20,False,0,
PDGFRB,0.51,51,False,0.21,21,False,0.42,42,False,0,
PDIA2,0.54,54,False,0.3,30,False,0.3,30,False,0,
PDIA3,0.22,22,False,0.1,10,False,0.16,16,False,0,
PDIA4,0.13,13,False,0.06,6,False,0.09,9,False,0,
PDIA5,0.42,42,False,0.22,22,False,0.25,25,False,0,
PDLIM5,0.12,12,False,0.07,7,False,0.09,9,False,0,
PDLIM7,0.16,16,False,0.07,7,False,0.1,10,False,0,
PDP1,0.22,22,False,0.12,12,False,0.2,20,False,0,
PDRG1,0.42,42,False,0.2,20,False,0.3,30,False,0,
PDXDC1,0.48,48,False,0.29,29,False,0.43,43,False,0,
PDZD2,0.17,17,False,0.11,11,False,0.15,15,False,0,
PDZK1,0.33,33,False,0.1,10,False,0.22,22,False,0,
PEAR1,0.19,19,False,0.11,11,False,0.14,14,False,0,
PEBP1,0.11,11,False,0.05,5,False,0.14,14,False,0,
PECAM1,0.19,19,False,0.05,5,False,0.14,14,False,0,
PECR,0.19,19,False,0.17,17,False,0.13,13,False,0,
PENK,0.19,19,False,0.07,7,False,0.14,14,False,0,
PEPD,0.45,45,False,0.42,42,False,0.27,27,False,0,
PER3,0.18,18,False,0.08,8,False,0.16,16,False,0,
PF4,0.17,17,False,0.09,9,False,0.12,12,False,0,
PFDN2,0.23,23,False,0.18,18,False,0.22,22,False,0,
PFDN4,0.39,39,False,0.44,44,False,0.26,26,False,0,
PFDN6,0.56,56,False,0.38,38,False,0.41,41,False,0,
PFKFB2,0.14,14,False,0.06,6,False,0.13,13,False,0,
PGA4,0.44,44,False,0.23,23,False,0.24,24,False,0,
PGD,0.1,10,False,0.08,8,False,0.13,13,False,0,
PGF,0.95,95,True,0.22,22,False,0.42,42,False,1,ASCVD
PGLYRP1,0.27,27,False,0.17,17,False,0.18,18,False,0,
PGLYRP2,0.98,98,True,0.53,53,False,0.34,34,False,1,ASCVD
PGLYRP4,0.46,46,False,0.26,26,False,0.26,26,False,0,
PGM2,0.4,40,False,0.21,21,False,0.3,30,False,0,
PGR,0.46,46,False,0.4,40,False,0.29,29,False,0,
PHACTR2,0.13,13,False,0.07,7,False,0.1,10,False,0,
PHLDB1,0.21,21,False,0.07,7,False,0.15,15,False,0,
PHLDB2,0.55,55,False,0.33,33,False,0.33,33,False,0,
PHOSPHO1,0.89,89,True,0.11,11,False,0.45,45,False,1,ASCVD
PHYKPL,0.22,22,False,0.1,10,False,0.12,12,False,0,
PI16,0.39,39,False,0.2,20,False,0.27,27,False,0,
PI3,0.4,40,False,0.37,37,False,0.29,29,False,0,
PIBF1,0.12,12,False,0.06,6,False,0.07,7,False,0,
PIGR,0.86,86,True,0.19,19,False,0.27,27,False,1,ASCVD
PIK3AP1,0.21,21,False,0.13,13,False,0.16,16,False,0,
PIK3IP1,0.15,15,False,0.08,8,False,0.13,13,False,0,
PIKFYVE,0.12,12,False,0.07,7,False,0.12,12,False,0,
PILRA,0.29,29,False,0.14,14,False,0.18,18,False,0,
PILRB,0.34,34,False,0.15,15,False,0.44,44,False,0,
PINLYP,0.56,56,False,0.28,28,False,0.29,29,False,0,
PITHD1,0.54,54,False,0.29,29,False,0.33,33,False,0,
PKD1,0.34,34,False,0.23,23,False,0.21,21,False,0,
PKD2,0.23,23,False,0.08,8,False,0.22,22,False,0,
PKLR,0.35,35,False,0.18,18,False,0.22,22,False,0,
PKN3,0.27,27,False,0.1,10,False,0.14,14,False,0,
PLA2G10,0.45,45,False,0.2,20,False,0.25,25,False,0,
PLA2G15,0.26,26,False,0.12,12,False,0.18,18,False,0,
PLA2G1B,0.78,78,False,0.25,25,False,0.32,32,False,0,
PLA2G2A,0.49,49,False,0.23,23,False,0.33,33,False,0,
PLA2G4A,0.13,13,False,0.06,6,False,0.11,11,False,0,
PLA2G7,0.91,91,True,0.31,31,False,0.97,97,True,2,ASCVD;Total_CVD
PLAT,0.67,67,False,0.49,49,False,0.77,77,False,0,
PLAU,0.27,27,False,0.11,11,False,0.18,18,False,0,
PLAUR,0.44,44,False,0.47,47,False,0.45,45,False,0,
PLB1,0.52,52,False,0.38,38,False,0.38,38,False,0,
PLCB1,0.51,51,False,0.28,28,False,0.3,30,False,0,
PLCB2,0.11,11,False,0.04,4,False,0.13,13,False,0,
PLEKHO1,0.14,14,False,0.07,7,False,0.12,12,False,0,
PLG,0.5,50,False,0.19,19,False,0.51,51,False,0,
PLIN1,0.39,39,False,0.2,20,False,0.18,18,False,0,
PLIN3,0.16,16,False,0.08,8,False,0.12,12,False,0,
PLPBP,0.1,10,False,0.07,7,False,0.1,10,False,0,
PLSCR3,0.14,14,False,0.07,7,False,0.14,14,False,0,
PLTP,0.51,51,False,0.24,24,False,0.63,63,False,0,
PLXDC1,0.51,51,False,0.32,32,False,0.3,30,False,0,
PLXDC2,0.37,37,False,0.58,58,False,0.33,33,False,0,
PLXNA4,0.15,15,False,0.06,6,False,0.12,12,False,0,
PLXNB2,0.23,23,False,0.61,61,False,0.2,20,False,0,
PLXNB3,0.12,12,False,0.07,7,False,0.11,11,False,0,
PM20D1,0.74,74,False,0.46,46,False,0.73,73,False,0,
PMCH,0.68,68,False,0.35,35,False,0.43,43,False,0,
PMM2,0.15,15,False,0.06,6,False,0.13,13,False,0,
PMS1,0.45,45,False,0.19,19,False,0.24,24,False,0,
PMVK,0.12,12,False,0.08,8,False,0.13,13,False,0,
PNLIP,0.42,42,False,0.19,19,False,0.23,23,False,0,
PNLIPRP1,0.32,32,False,0.1,10,False,0.18,18,False,0,
PNLIPRP2,0.5,50,False,0.34,34,False,0.32,32,False,0,
PNMA1,0.14,14,False,0.05,5,False,0.11,11,False,0,
PNMA2,0.45,45,False,0.55,55,False,0.33,33,False,0,
PNPT1,0.33,33,False,0.21,21,False,0.28,28,False,0,
PODXL,0.51,51,False,0.62,62,False,0.27,27,False,0,
PODXL2,0.38,38,False,0.19,19,False,0.25,25,False,0,
POF1B,0.36,36,False,0.15,15,False,0.58,58,False,0,
POLR2A,0.45,45,False,0.3,30,False,0.3,30,False,0,
POLR2F,0.18,18,False,0.08,8,False,0.15,15,False,0,
POMC,0.59,59,False,0.26,26,False,0.52,52,False,0,
PON1,0.66,66,False,0.23,23,False,0.64,64,False,0,
PON2,0.28,28,False,0.15,15,False,0.22,22,False,0,
PON3,0.46,46,False,0.3,30,False,0.22,22,False,0,
POSTN,0.54,54,False,0.46,46,False,0.3,30,False,0,
PPBP,0.18,18,False,0.11,11,False,0.11,11,False,0,
PPCDC,0.11,11,False,0.11,11,False,0.14,14,False,0,
PPIB,0.16,16,False,0.06,6,False,0.11,11,False,0,
PPIE,0.45,45,False,0.37,37,False,0.32,32,False,0,
PPIF,0.11,11,False,0.07,7,False,0.1,10,False,0,
PPL,0.23,23,False,0.62,62,False,0.47,47,False,0,
PPM1A,0.26,26,False,0.15,15,False,0.19,19,False,0,
PPM1B,0.33,33,False,0.24,24,False,0.21,21,False,0,
PPM1F,0.15,15,False,0.05,5,False,0.11,11,False,0,
PPME1,0.15,15,False,0.07,7,False,0.12,12,False,0,
PPP1CC,0.14,14,False,0.06,6,False,0.12,12,False,0,
PPP1R12A,0.15,15,False,0.05,5,False,0.15,15,False,0,
PPP1R12B,0.26,26,False,0.09,9,False,0.17,17,False,0,
PPP1R14A,0.15,15,False,0.05,5,False,0.13,13,False,0,
PPP1R14D,0.28,28,False,0.22,22,False,0.22,22,False,0,
PPP1R2,0.12,12,False,0.05,5,False,0.11,11,False,0,
PPP1R9B,0.12,12,False,0.2,20,False,0.1,10,False,0,
PPP2R5A,0.12,12,False,0.08,8,False,0.09,9,False,0,
PPP3R1,0.15,15,False,0.12,12,False,0.11,11,False,0,
PPT1,0.56,56,False,0.31,31,False,0.31,31,False,0,
PPY,0.61,61,False,0.23,23,False,0.34,34,False,0,
PQBP1,0.28,28,False,0.17,17,False,0.2,20,False,0,
PRAME,0.4,40,False,0.24,24,False,0.25,25,False,0,
PRAP1,0.23,23,False,0.11,11,False,0.19,19,False,0,
PRC1,0.52,52,False,0.34,34,False,0.31,31,False,0,
PRCP,0.29,29,False,0.13,13,False,0.23,23,False,0,
PRDX1,0.15,15,False,0.1,10,False,0.17,17,False,0,
PRDX2,0.38,38,False,0.16,16,False,0.21,21,False,0,
PRDX3,0.12,12,False,0.09,9,False,0.15,15,False,0,
PRDX5,0.14,14,False,0.07,7,False,0.12,12,False,0,
PRDX6,0.27,27,False,0.13,13,False,0.16,16,False,0,
PREB,0.3,30,False,0.14,14,False,0.19,19,False,0,
PRELP,0.28,28,False,0.22,22,False,0.32,32,False,0,
PRG2,0.31,31,False,0.12,12,False,0.18,18,False,0,
PRG3,0.37,37,False,0.16,16,False,0.48,48,False,0,
PRKAB1,0.15,15,False,0.05,5,False,0.13,13,False,0,
PRKAG3,0.43,43,False,0.31,31,False,0.26,26,False,0,
PRKAR1A,0.14,14,False,0.1,10,False,0.09,9,False,0,
PRKAR2A,0.1,10,False,0.07,7,False,0.09,9,False,0,
PRKCQ,0.3,30,False,0.19,19,False,0.3,30,False,0,
PRKD2,0.26,26,False,0.18,18,False,0.2,20,False,0,
PRKG1,0.13,13,False,0.06,6,False,0.1,10,False,0,
PRKRA,0.14,14,False,0.07,7,False,0.11,11,False,0,
PRL,0.57,57,False,0.44,44,False,0.71,71,False,0,
PRND,0.31,31,False,0.12,12,False,0.2,20,False,0,
PROC,0.56,56,False,0.26,26,False,0.28,28,False,0,
PROCR,0.57,57,False,0.16,16,False,0.23,23,False,0,
PROK1,0.4,40,False,0.23,23,False,0.25,25,False,0,
PROS1,0.46,46,False,0.57,57,False,0.31,31,False,0,
PRR4,0.49,49,False,0.31,31,False,0.38,38,False,0,
PRR5,0.53,53,False,0.27,27,False,0.31,31,False,0,
PRRT3,0.37,37,False,0.3,30,False,0.3,30,False,0,
PRSS2,0.26,26,False,0.14,14,False,0.18,18,False,0,
PRSS22,0.47,47,False,0.26,26,False,0.73,73,False,0,
PRSS27,0.29,29,False,0.3,30,False,0.32,32,False,0,
PRSS53,0.52,52,False,0.3,30,False,0.29,29,False,0,
PRSS8,0.42,42,False,0.19,19,False,0.26,26,False,0,
PRTFDC1,0.15,15,False,0.08,8,False,0.1,10,False,0,
PRTG,0.37,37,False,0.18,18,False,0.24,24,False,0,
PRTN3,0.26,26,False,0.32,32,False,0.15,15,False,0,
PRUNE2,0.63,63,False,0.18,18,False,0.64,64,False,0,
PSAP,0.26,26,False,0.16,16,False,0.18,18,False,0,
PSAPL1,0.36,36,False,0.17,17,False,0.19,19,False,0,
PSCA,0.6,60,False,0.26,26,False,0.42,42,False,0,
PSG1,0.63,63,False,0.27,27,False,0.57,57,False,0,
PSIP1,0.22,22,False,0.07,7,False,0.16,16,False,0,
PSMA1,0.77,77,False,0.67,67,False,0.71,71,False,0,
PSMC3,0.43,43,False,0.44,44,False,0.31,31,False,0,
PSMD1,0.24,24,False,0.21,21,False,0.35,35,False,0,
PSMD5,0.57,57,False,0.33,33,False,0.43,43,False,0,
PSMD9,0.3,30,False,0.14,14,False,0.15,15,False,0,
PSME1,0.17,17,False,0.07,7,False,0.11,11,False,0,
PSME2,0.19,19,False,0.06,6,False,0.13,13,False,0,
PSMG3,0.24,24,False,0.14,14,False,0.14,14,False,0,
PSMG4,0.26,26,False,0.2,20,False,0.17,17,False,0,
PSPN,0.44,44,False,0.48,48,False,0.35,35,False,0,
PSRC1,0.17,17,False,0.06,6,False,0.13,13,False,0,
PSTPIP2,0.11,11,False,0.06,6,False,0.09,9,False,0,
PTEN,0.27,27,False,0.14,14,False,0.56,56,False,0,
PTGDS,0.55,55,False,0.12,12,False,0.19,19,False,0,
PTGES2,0.16,16,False,0.07,7,False,0.14,14,False,0,
PTGR1,0.45,45,False,0.22,22,False,0.31,31,False,0,
PTH,0.34,34,False,0.15,15,False,0.24,24,False,0,
PTH1R,0.56,56,False,0.21,21,False,0.37,37,False,0,
PTK7,0.79,79,False,0.17,17,False,0.36,36,False,0,
PTN,0.84,84,True,0.22,22,False,0.43,43,False,1,ASCVD
PTP4A3,0.45,45,False,0.1,10,False,0.32,32,False,0,
PTPN1,0.13,13,False,0.08,8,False,0.1,10,False,0,
PTPN6,0.12,12,False,0.04,4,False,0.14,14,False,0,
PTPN9,0.46,46,False,0.39,39,False,0.34,34,False,0,
PTPRB,0.83,83,True,0.28,28,False,0.86,86,True,2,ASCVD;Total_CVD
PTPRC,0.28,28,False,0.6,60,False,0.3,30,False,0,
PTPRF,0.28,28,False,0.33,33,False,0.27,27,False,0,
PTPRH,0.74,74,False,0.15,15,False,0.42,42,False,0,
PTPRK,0.29,29,False,0.14,14,False,0.24,24,False,0,
PTPRM,0.26,26,False,0.79,79,False,0.75,75,False,0,
PTPRN2,0.31,31,False,0.15,15,False,0.18,18,False,0,
PTPRR,0.42,42,False,0.18,18,False,0.21,21,False,0,
PTPRS,0.39,39,False,0.25,25,False,0.39,39,False,0,
PTPRZ1,0.5,50,False,0.14,14,False,0.2,20,False,0,
PTRHD1,0.11,11,False,0.07,7,False,0.11,11,False,0,
PTS,0.29,29,False,0.19,19,False,0.19,19,False,0,
PTTG1,0.77,77,False,0.29,29,False,0.35,35,False,0,
PTX3,0.47,47,False,0.36,36,False,0.21,21,False,0,
PVALB,0.17,17,False,0.14,14,False,0.16,16,False,0,
PVR,0.3,30,False,0.17,17,False,0.2,20,False,0,
PXDNL,0.53,53,False,0.34,34,False,0.34,34,False,0,
PXN,0.23,23,False,0.08,8,False,0.16,16,False,0,
PYDC1,0.32,32,False,0.18,18,False,0.28,28,False,0,
PYY,0.55,55,False,0.21,21,False,0.26,26,False,0,
PZP,0.48,48,False,0.3,30,False,0.32,32,False,0,
QDPR,0.13,13,False,0.06,6,False,0.11,11,False,0,
QPCT,0.17,17,False,0.62,62,False,0.39,39,False,0,
QSOX1,0.29,29,False,0.2,20,False,0.2,20,False,0,
RAB10,0.14,14,False,0.09,9,False,0.11,11,False,0,
RAB11FIP3,0.13,13,False,0.06,6,False,0.11,11,False,0,
RAB27B,0.14,14,False,0.06,6,False,0.12,12,False,0,
RAB2B,0.12,12,False,0.05,5,False,0.12,12,False,0,
RAB33A,0.13,13,False,0.06,6,False,0.1,10,False,0,
RAB37,0.29,29,False,0.18,18,False,0.2,20,False,0,
RAB39B,0.48,48,False,0.44,44,False,0.23,23,False,0,
RAB3GAP1,0.38,38,False,0.18,18,False,0.29,29,False,0,
RAB44,0.29,29,False,0.1,10,False,0.19,19,False,0,
RAB6A,0.29,29,False,0.15,15,False,0.2,20,False,0,
RAB6B,0.59,59,False,0.48,48,False,0.88,88,True,1,Total_CVD
RABEP1,0.12,12,False,0.06,6,False,0.12,12,False,0,
RABEPK,0.24,24,False,0.12,12,False,0.15,15,False,0,
RABGAP1L,0.17,17,False,0.09,9,False,0.1,10,False,0,
RAC3,0.56,56,False,0.4,40,False,0.33,33,False,0,
RAD23B,0.21,21,False,0.06,6,False,0.12,12,False,0,
RAD51,0.39,39,False,0.22,22,False,0.23,23,False,0,
RALB,0.42,42,False,0.61,61,False,0.79,79,False,0,
RALY,0.22,22,False,0.24,24,False,0.18,18,False,0,
RANBP1,0.15,15,False,0.09,9,False,0.13,13,False,0,
RANBP2,0.41,41,False,0.27,27,False,0.33,33,False,0,
RANGAP1,0.53,53,False,0.3,30,False,0.31,31,False,0,
RAP1A,0.56,56,False,0.38,38,False,0.32,32,False,0,
RAPGEF2,0.15,15,False,0.07,7,False,0.11,11,False,0,
RARRES1,0.36,36,False,0.22,22,False,0.24,24,False,0,
RARRES2,0.21,21,False,0.09,9,False,0.14,14,False,0,
RASA1,0.52,52,False,0.6,60,False,0.28,28,False,0,
RASGRF1,0.64,64,False,0.3,30,False,0.37,37,False,0,
RASSF2,0.23,23,False,0.12,12,False,0.15,15,False,0,
RBFOX3,0.29,29,False,0.12,12,False,0.19,19,False,0,
RBKS,0.3,30,False,0.16,16,False,0.24,24,False,0,
RBM17,0.11,11,False,0.08,8,False,0.1,10,False,0,
RBM19,0.84,84,True,0.22,22,False,0.37,37,False,1,ASCVD
RBM25,0.5,50,False,0.24,24,False,0.29,29,False,0,
RBP1,0.4,40,False,0.19,19,False,0.25,25,False,0,
RBP2,0.41,41,False,0.14,14,False,0.25,25,False,0,
RBP5,0.18,18,False,0.15,15,False,0.17,17,False,0,
RBP7,0.27,27,False,0.14,14,False,0.21,21,False,0,
RBPMS,0.43,43,False,0.16,16,False,0.23,23,False,0,
RBPMS2,0.11,11,False,0.06,6,False,0.1,10,False,0,
RCC1,0.38,38,False,0.37,37,False,0.24,24,False,0,
RCOR1,0.3,30,False,0.22,22,False,0.23,23,False,0,
RECK,0.35,35,False,0.25,25,False,0.22,22,False,0,
REEP4,0.13,13,False,0.07,7,False,0.11,11,False,0,
REG1A,0.37,37,False,0.17,17,False,0.49,49,False,0,
REG1B,0.41,41,False,0.18,18,False,0.33,33,False,0,
REG3A,0.42,42,False,0.31,31,False,0.31,31,False,0,
REG3G,0.48,48,False,0.47,47,False,0.38,38,False,0,
REG4,0.35,35,False,0.13,13,False,0.22,22,False,0,
RELB,0.39,39,False,0.27,27,False,0.37,37,False,0,
RELT,0.27,27,False,0.09,9,False,0.21,21,False,0,
REN,0.38,38,False,1.0,100,True,0.33,33,False,1,HF
REPS1,0.26,26,False,0.23,23,False,0.17,17,False,0,
REST,0.5,50,False,0.32,32,False,0.34,34,False,0,
RET,0.53,53,False,0.37,37,False,0.51,51,False,0,
RETN,0.3,30,False,0.14,14,False,0.16,16,False,0,
REXO2,0.47,47,False,0.28,28,False,0.31,31,False,0,
RFC4,0.18,18,False,0.17,17,False,0.18,18,False,0,
RGCC,0.09,9,False,0.05,5,False,0.08,8,False,0,
RGL2,0.54,54,False,0.19,19,False,0.38,38,False,0,
RGMA,0.61,61,False,0.99,99,True,0.6,60,False,1,HF
RGMB,0.19,19,False,0.19,19,False,0.16,16,False,0,
RGS10,0.1,10,False,0.05,5,False,0.1,10,False,0,
RGS8,0.51,51,False,0.32,32,False,0.33,33,False,0,
RHOC,0.1,10,False,0.06,6,False,0.13,13,False,0,
RICTOR,0.54,54,False,0.36,36,False,0.35,35,False,0,
RIDA,0.27,27,False,0.1,10,False,0.16,16,False,0,
RILP,0.13,13,False,0.07,7,False,0.1,10,False,0,
RILPL2,0.14,14,False,0.06,6,False,0.1,10,False,0,
RIPK4,0.55,55,False,0.34,34,False,0.4,40,False,0,
RLN1,0.54,54,False,0.29,29,False,0.32,32,False,0,
RLN2,0.61,61,False,0.33,33,False,0.38,38,False,0,
RNASE1,0.29,29,False,0.13,13,False,0.16,16,False,0,
RNASE10,0.34,34,False,0.51,51,False,0.24,24,False,0,
RNASE3,0.25,25,False,0.15,15,False,0.17,17,False,0,
RNASE4,0.25,25,False,0.1,10,False,0.2,20,False,0,
RNASE6,0.25,25,False,0.31,31,False,0.18,18,False,0,
RNASEH2A,0.2,20,False,0.1,10,False,0.16,16,False,0,
RNASET2,0.26,26,False,0.12,12,False,0.44,44,False,0,
RNF149,0.22,22,False,0.07,7,False,0.14,14,False,0,
RNF168,0.47,47,False,0.2,20,False,0.24,24,False,0,
RNF31,0.55,55,False,0.16,16,False,0.24,24,False,0,
RNF4,0.53,53,False,0.29,29,False,0.27,27,False,0,
RNF41,0.15,15,False,0.06,6,False,0.14,14,False,0,
RNF43,0.46,46,False,0.23,23,False,0.29,29,False,0,
RNF5,0.15,15,False,0.06,6,False,0.11,11,False,0,
ROBO1,0.27,27,False,0.1,10,False,0.16,16,False,0,
ROBO2,0.39,39,False,0.84,84,True,0.42,42,False,1,HF
ROBO4,0.34,34,False,0.14,14,False,0.19,19,False,0,
ROR1,0.25,25,False,0.11,11,False,0.2,20,False,0,
RP2,0.15,15,False,0.07,7,False,0.14,14,False,0,
RPA2,0.34,34,False,0.16,16,False,0.19,19,False,0,
RPE,0.13,13,False,0.08,8,False,0.1,10,False,0,
RPGR,0.47,47,False,0.43,43,False,0.32,32,False,0,
RPL14,0.24,24,False,0.18,18,False,0.19,19,False,0,
RPS10,0.39,39,False,0.22,22,False,0.25,25,False,0,
RRAS,0.12,12,False,0.05,5,False,0.11,11,False,0,
RRM2,0.42,42,False,0.19,19,False,0.38,38,False,0,
RRM2B,0.15,15,False,0.08,8,False,0.12,12,False,0,
RRP15,0.53,53,False,0.42,42,False,0.29,29,False,0,
RSPO1,0.23,23,False,0.1,10,False,0.15,15,False,0,
RSPO3,0.22,22,False,0.11,11,False,0.2,20,False,0,
RTBDN,0.26,26,False,0.43,43,False,0.18,18,False,0,
RTKN2,0.56,56,False,0.27,27,False,0.38,38,False,0,
RTN4IP1,0.12,12,False,0.07,7,False,0.12,12,False,0,
RTN4R,0.26,26,False,0.1,10,False,0.16,16,False,0,
RUVBL1,0.66,66,False,0.56,56,False,0.34,34,False,0,
RWDD1,0.12,12,False,0.03,3,False,0.1,10,False,0,
RYR1,0.48,48,False,0.31,31,False,0.29,29,False,0,
S100A11,0.24,24,False,0.1,10,False,0.16,16,False,0,
S100A12,0.4,40,False,0.18,18,False,0.21,21,False,0,
S100A13,0.33,33,False,0.21,21,False,0.21,21,False,0,
S100A14,0.51,51,False,0.27,27,False,0.37,37,False,0,
S100A16,0.55,55,False,0.46,46,False,0.34,34,False,0,
S100A3,0.47,47,False,0.25,25,False,0.32,32,False,0,
S100A4,0.12,12,False,0.09,9,False,0.12,12,False,0,
S100G,0.46,46,False,0.18,18,False,0.24,24,False,0,
S100P,0.28,28,False,0.26,26,False,0.18,18,False,0,
SAA4,0.5,50,False,0.25,25,False,0.25,25,False,0,
SAFB2,0.21,21,False,0.1,10,False,0.16,16,False,0,
SAG,0.5,50,False,0.3,30,False,0.35,35,False,0,
SAMD9L,0.13,13,False,0.05,5,False,0.11,11,False,0,
SAP18,0.56,56,False,0.31,31,False,0.33,33,False,0,
SARG,0.15,15,False,0.06,6,False,0.1,10,False,0,
SART1,0.27,27,False,0.12,12,False,0.16,16,False,0,
SAT1,0.54,54,False,0.28,28,False,0.5,50,False,0,
SAT2,0.29,29,False,0.12,12,False,0.23,23,False,0,
SATB1,0.29,29,False,0.15,15,False,0.28,28,False,0,
SBSN,0.35,35,False,0.17,17,False,0.2,20,False,0,
SCAMP3,0.1,10,False,0.05,5,False,0.12,12,False,0,
SCARA5,0.22,22,False,0.17,17,False,0.16,16,False,0,
SCARB1,0.6,60,False,0.39,39,False,0.34,34,False,0,
SCARB2,0.24,24,False,0.11,11,False,0.15,15,False,0,
SCARF1,0.16,16,False,0.06,6,False,0.09,9,False,0,
SCARF2,0.41,41,False,0.15,15,False,0.22,22,False,0,
SCG2,0.27,27,False,0.12,12,False,0.18,18,False,0,
SCG3,0.38,38,False,0.44,44,False,0.3,30,False,0,
SCGB1A1,0.88,88,True,0.94,94,True,1.0,100,True,3,ASCVD;HF;Total_CVD
SCGB2A2,0.66,66,False,0.25,25,False,0.6,60,False,0,
SCGB3A1,0.5,50,False,0.59,59,False,0.32,32,False,0,
SCGB3A2,0.52,52,False,0.31,31,False,0.27,27,False,0,
SCGN,0.56,56,False,0.22,22,False,0.44,44,False,0,
SCIN,0.47,47,False,0.28,28,False,0.35,35,False,0,
SCLY,0.29,29,False,0.09,9,False,0.17,17,False,0,
SCN2A,0.5,50,False,0.27,27,False,0.31,31,False,0,
SCN2B,0.41,41,False,0.17,17,False,0.24,24,False,0,
SCN3A,0.55,55,False,0.52,52,False,0.37,37,False,0,
SCN3B,0.54,54,False,0.24,24,False,0.22,22,False,0,
SCN4B,0.18,18,False,0.09,9,False,0.14,14,False,0,
SCP2,0.5,50,False,0.21,21,False,0.29,29,False,0,
SCPEP1,0.19,19,False,0.08,8,False,0.12,12,False,0,
SCRG1,0.28,28,False,0.09,9,False,0.16,16,False,0,
SCRIB,0.25,25,False,0.16,16,False,0.18,18,False,0,
SCRN1,0.27,27,False,0.31,31,False,0.37,37,False,0,
SCT,0.52,52,False,0.32,32,False,0.32,32,False,0,
SDC1,0.22,22,False,0.09,9,False,0.16,16,False,0,
SDC4,0.23,23,False,0.69,69,False,0.64,64,False,0,
SDCCAG8,0.11,11,False,0.04,4,False,0.11,11,False,0,
SDHB,0.2,20,False,0.13,13,False,0.16,16,False,0,
SDK2,0.5,50,False,0.22,22,False,0.66,66,False,0,
SEC31A,0.13,13,False,0.06,6,False,0.09,9,False,0,
SEL1L,0.36,36,False,0.13,13,False,0.14,14,False,0,
SELE,0.3,30,False,0.18,18,False,0.16,16,False,0,
SELENOP,0.52,52,False,0.28,28,False,0.28,28,False,0,
SELL,0.53,53,False,0.92,92,True,0.34,34,False,1,HF
SELP,0.18,18,False,0.05,5,False,0.09,9,False,0,
SELPLG,0.49,49,False,0.51,51,False,0.53,53,False,0,
SEMA3F,0.23,23,False,0.06,6,False,0.14,14,False,0,
SEMA3G,0.41,41,False,0.22,22,False,0.17,17,False,0,
SEMA4C,0.5,50,False,0.21,21,False,0.28,28,False,0,
SEMA4D,0.14,14,False,0.07,7,False,0.11,11,False,0,
SEMA6C,0.41,41,False,0.19,19,False,0.22,22,False,0,
SEMA7A,0.3,30,False,0.13,13,False,0.22,22,False,0,
SEPTIN3,0.5,50,False,0.25,25,False,0.33,33,False,0,
SEPTIN7,0.35,35,False,0.19,19,False,0.22,22,False,0,
SEPTIN8,0.33,33,False,0.11,11,False,0.63,63,False,0,
SEPTIN9,0.19,19,False,0.21,21,False,0.25,25,False,0,
SERPINA1,1.0,100,True,0.16,16,False,0.84,84,True,2,ASCVD;Total_CVD
SERPINA11,0.48,48,False,0.27,27,False,0.36,36,False,0,
SERPINA12,0.52,52,False,0.7,70,False,0.37,37,False,0,
SERPINA3,0.43,43,False,0.21,21,False,0.44,44,False,0,
SERPINA4,0.46,46,False,0.25,25,False,0.24,24,False,0,
SERPINA5,0.64,64,False,0.33,33,False,0.24,24,False,0,
SERPINA6,0.42,42,False,0.21,21,False,0.21,21,False,0,
SERPINA7,0.39,39,False,0.5,50,False,0.26,26,False,0,
SERPINA9,0.25,25,False,0.16,16,False,0.22,22,False,0,
SERPINB1,0.11,11,False,0.06,6,False,0.1,10,False,0,
SERPINB5,0.58,58,False,0.29,29,False,0.45,45,False,0,
SERPINB6,0.12,12,False,0.08,8,False,0.1,10,False,0,
SERPINB8,0.23,23,False,0.12,12,False,0.17,17,False,0,
SERPINB9,0.18,18,False,0.1,10,False,0.13,13,False,0,
SERPINC1,0.49,49,False,0.21,21,False,0.45,45,False,0,
SERPIND1,0.45,45,False,0.15,15,False,0.25,25,False,0,
SERPINE1,0.2,20,False,0.46,46,False,0.11,11,False,0,
SERPINE2,0.15,15,False,0.1,10,False,0.13,13,False,0,
SERPINF1,0.22,22,False,0.09,9,False,0.13,13,False,0,
SERPINF2,0.42,42,False,0.24,24,False,0.22,22,False,0,
SERPING1,0.6,60,False,0.29,29,False,0.38,38,False,0,
SERPINH1,0.14,14,False,0.08,8,False,0.15,15,False,0,
SERPINI1,0.45,45,False,0.16,16,False,0.35,35,False,0,
SERPINI2,0.47,47,False,0.21,21,False,0.26,26,False,0,
SESTD1,0.18,18,False,0.06,6,False,0.14,14,False,0,
SETMAR,0.23,23,False,0.2,20,False,0.15,15,False,0,
SEZ6,0.35,35,False,0.41,41,False,0.34,34,False,0,
SEZ6L,0.3,30,False,0.24,24,False,0.25,25,False,0,
SEZ6L2,0.37,37,False,0.18,18,False,0.25,25,False,0,
SF3B4,0.2,20,False,0.08,8,False,0.15,15,False,0,
SFRP1,0.5,50,False,0.26,26,False,0.47,47,False,0,
SFRP4,1.0,100,True,0.23,23,False,0.86,86,True,2,ASCVD;Total_CVD
SFTPA1,0.49,49,False,0.28,28,False,0.29,29,False,0,
SFTPA2,0.71,71,False,0.33,33,False,0.63,63,False,0,
SFTPD,0.52,52,False,0.9,90,True,0.89,89,True,2,HF;Total_CVD
SGSH,0.29,29,False,0.22,22,False,0.26,26,False,0,
SH2B3,0.1,10,False,0.06,6,False,0.07,7,False,0,
SH2D1A,0.29,29,False,0.83,83,True,0.89,89,True,2,HF;Total_CVD
SH3BGRL2,0.35,35,False,0.15,15,False,0.26,26,False,0,
SH3BP1,0.28,28,False,0.17,17,False,0.29,29,False,0,
SH3GL3,0.53,53,False,0.33,33,False,0.3,30,False,0,
SH3GLB2,0.18,18,False,0.08,8,False,0.14,14,False,0,
SHBG,0.41,41,False,0.27,27,False,0.26,26,False,0,
SHC1,0.75,75,False,0.3,30,False,0.34,34,False,0,
SHD,0.53,53,False,0.65,65,False,0.36,36,False,0,
SHH,0.52,52,False,0.52,52,False,0.32,32,False,0,
SHISA5,0.22,22,False,0.12,12,False,0.17,17,False,0,
SHMT1,0.17,17,False,0.06,6,False,0.09,9,False,0,
SHPK,0.61,61,False,0.18,18,False,0.41,41,False,0,
SIAE,0.17,17,False,0.14,14,False,0.34,34,False,0,
SIGLEC1,0.43,43,False,0.09,9,False,0.19,19,False,0,
SIGLEC10,0.23,23,False,0.12,12,False,0.15,15,False,0,
SIGLEC15,0.51,51,False,0.42,42,False,0.31,31,False,0,
SIGLEC5,0.37,37,False,0.15,15,False,0.24,24,False,0,
SIGLEC6,0.51,51,False,0.16,16,False,0.19,19,False,0,
SIGLEC7,0.49,49,False,0.18,18,False,0.27,27,False,0,
SIGLEC8,0.35,35,False,0.12,12,False,0.24,24,False,0,
SIGLEC9,0.32,32,False,0.21,21,False,0.2,20,False,0,
SIL1,0.42,42,False,0.44,44,False,0.47,47,False,0,
SIRPA,0.55,55,False,0.44,44,False,0.27,27,False,0,
SIRPB1,0.19,19,False,0.25,25,False,0.21,21,False,0,
SIRT1,0.29,29,False,0.09,9,False,0.21,21,False,0,
SIRT2,0.13,13,False,0.07,7,False,0.11,11,False,0,
SIRT5,0.55,55,False,0.55,55,False,0.46,46,False,0,
SIT1,0.34,34,False,0.17,17,False,0.22,22,False,0,
SKAP1,0.3,30,False,0.19,19,False,0.22,22,False,0,
SKAP2,0.14,14,False,0.04,4,False,0.11,11,False,0,
SKIV2L,0.41,41,False,0.41,41,False,0.23,23,False,0,
SLA2,0.14,14,False,0.07,7,False,0.12,12,False,0,
SLAMF1,0.39,39,False,0.32,32,False,0.23,23,False,0,
SLAMF6,0.31,31,False,0.45,45,False,0.2,20,False,0,
SLAMF7,0.56,56,False,0.35,35,False,0.24,24,False,0,
SLAMF8,0.29,29,False,0.15,15,False,0.19,19,False,0,
SLC12A2,0.31,31,False,0.11,11,False,0.2,20,False,0,
SLC13A1,0.57,57,False,0.68,68,False,0.19,19,False,0,
SLC16A1,0.48,48,False,0.19,19,False,0.28,28,False,0,
SLC1A4,0.51,51,False,0.22,22,False,0.28,28,False,0,
SLC27A4,0.17,17,False,0.11,11,False,0.22,22,False,0,
SLC28A1,0.61,61,False,0.26,26,False,0.27,27,False,0,
SLC34A3,0.59,59,False,0.32,32,False,0.31,31,False,0,
SLC39A14,0.39,39,False,0.16,16,False,0.21,21,False,0,
SLC39A5,0.39,39,False,0.2,20,False,0.25,25,False,0,
SLC44A4,0.54,54,False,0.32,32,False,0.4,40,False,0,
SLC4A1,0.37,37,False,0.49,49,False,0.22,22,False,0,
SLC51B,0.52,52,False,0.5,50,False,0.3,30,False,0,
SLC9A3R1,0.11,11,False,0.05,5,False,0.09,9,False,0,
SLC9A3R2,0.32,32,False,0.27,27,False,0.51,51,False,0,
SLIRP,0.44,44,False,0.37,37,False,0.34,34,False,0,
SLIT2,0.73,73,False,0.26,26,False,0.85,85,True,1,Total_CVD
SLITRK1,0.54,54,False,0.31,31,False,0.29,29,False,0,
SLITRK2,0.47,47,False,0.25,25,False,0.25,25,False,0,
SLITRK6,0.3,30,False,0.21,21,False,0.22,22,False,0,
SLK,0.54,54,False,0.24,24,False,0.37,37,False,0,
SLMAP,0.16,16,False,0.06,6,False,0.12,12,False,0,
SLURP1,0.4,40,False,0.17,17,False,0.24,24,False,0,
SMAD1,0.15,15,False,0.03,3,False,0.11,11,False,0,
SMAD2,0.15,15,False,0.05,5,False,0.14,14,False,0,
SMAD3,0.24,24,False,0.1,10,False,0.12,12,False,0,
SMAD5,0.52,52,False,0.31,31,False,0.3,30,False,0,
SMARCA2,0.2,20,False,0.12,12,False,0.19,19,False,0,
SMC3,0.48,48,False,0.38,38,False,0.28,28,False,0,
SMNDC1,0.2,20,False,0.1,10,False,0.13,13,False,0,
SMOC1,0.27,27,False,0.11,11,False,0.16,16,False,0,
SMOC2,0.41,41,False,0.06,6,False,0.25,25,False,0,
SMPD1,0.78,78,False,0.26,26,False,0.33,33,False,0,
SMPD3,0.35,35,False,0.15,15,False,0.24,24,False,0,
SMPDL3A,0.52,52,False,0.36,36,False,0.3,30,False,0,
SMPDL3B,0.55,55,False,0.53,53,False,0.3,30,False,0,
SMS,0.18,18,False,0.06,6,False,0.14,14,False,0,
SMTN,0.2,20,False,0.12,12,False,0.16,16,False,0,
SNAP23,0.12,12,False,0.06,6,False,0.11,11,False,0,
SNAP25,0.33,33,False,0.1,10,False,0.23,23,False,0,
SNAP29,0.1,10,False,0.05,5,False,0.08,8,False,0,
SNAPIN,0.17,17,False,0.1,10,False,0.16,16,False,0,
SNCA,0.13,13,False,0.27,27,False,0.12,12,False,0,
SNCG,0.29,29,False,0.13,13,False,0.17,17,False,0,
SNED1,0.52,52,False,0.18,18,False,0.31,31,False,0,
SNRPB2,0.21,21,False,0.11,11,False,0.14,14,False,0,
SNU13,0.4,40,False,0.18,18,False,0.21,21,False,0,
SNX15,0.17,17,False,0.08,8,False,0.12,12,False,0,
SNX18,0.4,40,False,0.15,15,False,0.31,31,False,0,
SNX2,0.19,19,False,0.09,9,False,0.13,13,False,0,
SNX5,0.14,14,False,0.09,9,False,0.09,9,False,0,
SNX9,0.13,13,False,0.07,7,False,0.09,9,False,0,
SOD1,0.15,15,False,0.08,8,False,0.13,13,False,0,
SOD2,0.18,18,False,0.1,10,False,0.17,17,False,0,
SOD3,0.52,52,False,0.37,37,False,0.28,28,False,0,
SORBS1,0.41,41,False,0.19,19,False,0.31,31,False,0,
SORCS2,0.33,33,False,0.12,12,False,0.2,20,False,0,
SORD,0.27,27,False,0.13,13,False,0.18,18,False,0,
SORT1,0.2,20,False,0.06,6,False,0.12,12,False,0,
SOST,0.46,46,False,0.79,79,False,0.5,50,False,0,
SOWAHA,0.41,41,False,0.23,23,False,0.25,25,False,0,
SOX2,0.8,80,True,0.23,23,False,0.44,44,False,1,ASCVD
SOX9,0.27,27,False,0.37,37,False,0.14,14,False,0,
SPACA5_SPACA5B,0.33,33,False,0.2,20,False,0.2,20,False,0,
SPAG1,0.24,24,False,0.11,11,False,0.16,16,False,0,
SPARC,0.19,19,False,0.1,10,False,0.11,11,False,0,
SPARCL1,0.3,30,False,0.17,17,False,0.23,23,False,0,
SPART,0.13,13,False,0.07,7,False,0.11,11,False,0,
SPESP1,0.45,45,False,0.23,23,False,0.27,27,False,0,
SPINK1,0.34,34,False,0.14,14,False,0.22,22,False,0,
SPINK2,0.25,25,False,0.1,10,False,0.26,26,False,0,
SPINK4,0.49,49,False,0.25,25,False,0.64,64,False,0,
SPINK5,0.53,53,False,0.36,36,False,0.32,32,False,0,
SPINK6,0.37,37,False,0.1,10,False,0.22,22,False,0,
SPINK8,0.4,40,False,0.22,22,False,0.27,27,False,0,
SPINT1,0.21,21,False,0.11,11,False,0.15,15,False,0,
SPINT2,0.2,20,False,0.14,14,False,0.47,47,False,0,
SPINT3,0.35,35,False,0.22,22,False,0.23,23,False,0,
SPOCK1,0.52,52,False,0.36,36,False,0.33,33,False,0,
SPON1,0.28,28,False,0.25,25,False,0.2,20,False,0,
SPON2,0.3,30,False,0.14,14,False,0.19,19,False,0,
SPP1,0.56,56,False,0.14,14,False,0.17,17,False,0,
SPRED2,0.17,17,False,0.05,5,False,0.15,15,False,0,
SPRING1,0.4,40,False,0.14,14,False,0.23,23,False,0,
SPRR1B,0.42,42,False,0.29,29,False,0.43,43,False,0,
SPRR3,0.46,46,False,0.72,72,False,0.34,34,False,0,
SPRY2,0.16,16,False,0.06,6,False,0.13,13,False,0,
SPTBN2,0.29,29,False,0.25,25,False,0.22,22,False,0,
SPTLC1,0.18,18,False,0.13,13,False,0.16,16,False,0,
SRC,0.11,11,False,0.04,4,False,0.12,12,False,0,
SRP14,0.18,18,False,0.07,7,False,0.15,15,False,0,
SRPK2,0.13,13,False,0.08,8,False,0.12,12,False,0,
SRPX,0.4,40,False,0.17,17,False,0.22,22,False,0,
SSB,0.49,49,False,0.25,25,False,0.26,26,False,0,
SSBP1,0.45,45,False,0.29,29,False,0.31,31,False,0,
SSC4D,0.34,34,False,0.27,27,False,0.2,20,False,0,
SSC5D,0.49,49,False,0.13,13,False,0.18,18,False,0,
SSH3,0.26,26,False,0.15,15,False,0.24,24,False,0,
SSNA1,0.17,17,False,0.08,8,False,0.09,9,False,0,
ST13,0.12,12,False,0.06,6,False,0.12,12,False,0,
ST3GAL1,0.52,52,False,0.53,53,False,0.45,45,False,0,
ST6GAL1,0.46,46,False,0.2,20,False,0.62,62,False,0,
ST8SIA1,0.5,50,False,0.28,28,False,0.29,29,False,0,
STAB2,0.24,24,False,0.46,46,False,0.17,17,False,0,
STAM,0.24,24,False,0.11,11,False,0.16,16,False,0,
STAMBP,0.12,12,False,0.06,6,False,0.09,9,False,0,
STAT2,0.13,13,False,0.05,5,False,0.07,7,False,0,
STAT5B,0.14,14,False,0.07,7,False,0.07,7,False,0,
STAU1,0.29,29,False,0.12,12,False,0.27,27,False,0,
STC1,0.68,68,False,0.19,19,False,0.54,54,False,0,
STC2,0.35,35,False,0.11,11,False,0.21,21,False,0,
STEAP4,0.68,68,False,0.31,31,False,0.58,58,False,0,
STIP1,0.08,8,False,0.04,4,False,0.11,11,False,0,
STK11,0.13,13,False,0.06,6,False,0.1,10,False,0,
STK24,0.16,16,False,0.05,5,False,0.11,11,False,0,
STK4,0.12,12,False,0.09,9,False,0.08,8,False,0,
STOML2,0.41,41,False,0.46,46,False,0.28,28,False,0,
STX16,0.23,23,False,0.14,14,False,0.27,27,False,0,
STX1B,0.39,39,False,0.33,33,False,0.27,27,False,0,
STX3,0.25,25,False,0.12,12,False,0.27,27,False,0,
STX4,0.14,14,False,0.06,6,False,0.11,11,False,0,
STX5,0.34,34,False,0.24,24,False,0.27,27,False,0,
STX6,0.15,15,False,0.09,9,False,0.15,15,False,0,
STX7,0.23,23,False,0.13,13,False,0.2,20,False,0,
STX8,0.23,23,False,0.1,10,False,0.19,19,False,0,
STXBP1,0.15,15,False,0.06,6,False,0.11,11,False,0,
STXBP3,0.18,18,False,0.09,9,False,0.14,14,False,0,
SUGP1,0.14,14,False,0.08,8,False,0.11,11,False,0,
SUGT1,0.11,11,False,0.07,7,False,0.11,11,False,0,
SULT1A1,0.13,13,False,0.07,7,False,0.12,12,False,0,
SULT2A1,0.34,34,False,0.16,16,False,0.23,23,False,0,
SUMF1,0.49,49,False,0.34,34,False,0.36,36,False,0,
SUMF2,0.18,18,False,0.11,11,False,0.21,21,False,0,
SUOX,0.27,27,False,0.09,9,False,0.15,15,False,0,
SUSD1,0.16,16,False,0.08,8,False,0.13,13,False,0,
SUSD2,0.8,80,True,0.31,31,False,0.44,44,False,1,ASCVD
SUSD4,0.34,34,False,0.16,16,False,0.22,22,False,0,
SUSD5,0.58,58,False,0.13,13,False,0.3,30,False,0,
SV2A,0.2,20,False,0.11,11,False,0.16,16,False,0,
SWAP70,0.19,19,False,0.16,16,False,0.15,15,False,0,
SYAP1,0.12,12,False,0.06,6,False,0.11,11,False,0,
SYNGAP1,0.43,43,False,0.35,35,False,0.24,24,False,0,
SYT1,0.44,44,False,0.14,14,False,0.2,20,False,0,
SYTL4,0.11,11,False,0.05,5,False,0.12,12,False,0,
TAB2,0.17,17,False,0.06,6,False,0.13,13,False,0,
TACC3,0.11,11,False,0.06,6,False,0.1,10,False,0,
TACSTD2,0.5,50,False,0.18,18,False,0.23,23,False,0,
TADA3,0.14,14,False,0.08,8,False,0.12,12,False,0,
TAFA5,0.2,20,False,0.11,11,False,0.15,15,False,0,
TAGLN3,0.62,62,False,0.39,39,False,0.34,34,False,0,
TALDO1,0.13,13,False,0.05,5,False,0.09,9,False,0,
TANK,0.24,24,False,0.08,8,False,0.14,14,False,0,
TAP1,0.6,60,False,0.54,54,False,0.68,68,False,0,
TARBP2,0.12,12,False,0.05,5,False,0.11,11,False,0,
TARM1,0.56,56,False,0.37,37,False,0.3,30,False,0,
TARS1,0.17,17,False,0.09,9,False,0.11,11,False,0,
TAX1BP1,0.16,16,False,0.07,7,False,0.11,11,False,0,
TBC1D17,0.37,37,False,0.32,32,False,0.27,27,False,0,
TBC1D23,0.13,13,False,0.05,5,False,0.11,11,False,0,
TBC1D5,0.12,12,False,0.08,8,False,0.14,14,False,0,
TBCA,0.13,13,False,0.07,7,False,0.09,9,False,0,
TBCB,0.12,12,False,0.07,7,False,0.09,9,False,0,
TBCC,0.13,13,False,0.07,7,False,0.1,10,False,0,
TBL1X,0.15,15,False,0.06,6,False,0.14,14,False,0,
TBR1,0.48,48,False,0.26,26,False,0.31,31,False,0,
TCL1A,0.72,72,False,0.45,45,False,0.25,25,False,0,
TCL1B,0.53,53,False,0.33,33,False,0.34,34,False,0,
TCN1,0.42,42,False,0.17,17,False,0.25,25,False,0,
TCN2,0.35,35,False,0.29,29,False,0.2,20,False,0,
TCOF1,0.27,27,False,0.23,23,False,0.16,16,False,0,
TCP11,0.66,66,False,0.41,41,False,0.74,74,False,0,
TCTN3,0.57,57,False,0.28,28,False,0.31,31,False,0,
TDGF1,0.54,54,False,0.37,37,False,0.36,36,False,0,
TDO2,0.5,50,False,0.43,43,False,0.21,21,False,0,
TDP1,0.26,26,False,0.18,18,False,0.18,18,False,0,
TDRKH,0.15,15,False,0.12,12,False,0.14,14,False,0,
TEF,0.31,31,False,0.22,22,False,0.22,22,False,0,
TEK,0.44,44,False,0.25,25,False,0.3,30,False,0,
TERF1,0.36,36,False,0.12,12,False,0.2,20,False,0,
TET2,0.71,71,False,0.32,32,False,0.44,44,False,0,
TEX101,0.45,45,False,0.23,23,False,0.27,27,False,0,
TEX33,0.56,56,False,0.29,29,False,0.38,38,False,0,
TF,0.44,44,False,0.25,25,False,0.41,41,False,0,
TFAP2A,0.56,56,False,0.23,23,False,0.23,23,False,0,
TFF1,0.38,38,False,0.11,11,False,0.18,18,False,0,
TFF2,0.34,34,False,0.49,49,False,0.25,25,False,0,
TFF3,0.3,30,False,0.17,17,False,0.16,16,False,0,
TFPI,0.22,22,False,0.18,18,False,0.16,16,False,0,
TFPI2,0.27,27,False,0.21,21,False,0.2,20,False,0,
TFRC,0.51,51,False,0.98,98,True,0.73,73,False,1,HF
TG,0.52,52,False,0.28,28,False,0.33,33,False,0,
TGFA,0.2,20,False,0.1,10,False,0.19,19,False,0,
TGFB1,0.2,20,False,0.08,8,False,0.11,11,False,0,
TGFB2,0.5,50,False,0.31,31,False,0.42,42,False,0,
TGFBI,0.39,39,False,0.17,17,False,0.26,26,False,0,
TGFBR1,0.45,45,False,0.13,13,False,0.22,22,False,0,
TGFBR2,0.25,25,False,0.09,9,False,0.17,17,False,0,
TGFBR3,0.34,34,False,0.09,9,False,0.21,21,False,0,
TGM2,0.61,61,False,0.25,25,False,0.36,36,False,0,
TGOLN2,0.22,22,False,0.61,61,False,0.27,27,False,0,
THAP12,0.54,54,False,0.28,28,False,0.31,31,False,0,
THBD,0.19,19,False,0.09,9,False,0.11,11,False,0,
THBS2,0.25,25,False,0.12,12,False,0.16,16,False,0,
THBS4,0.29,29,False,0.12,12,False,0.21,21,False,0,
THOP1,0.22,22,False,0.13,13,False,0.17,17,False,0,
THPO,0.21,21,False,0.11,11,False,0.15,15,False,0,
THRAP3,0.63,63,False,0.35,35,False,0.46,46,False,0,
THSD1,0.53,53,False,0.28,28,False,0.31,31,False,0,
THTPA,0.11,11,False,0.09,9,False,0.12,12,False,0,
THY1,0.16,16,False,0.11,11,False,0.16,16,False,0,
TIA1,0.12,12,False,0.06,6,False,0.12,12,False,0,
TIE1,0.43,43,False,0.42,42,False,0.25,25,False,0,
TIGAR,0.2,20,False,0.13,13,False,0.2,20,False,0,
TIGIT,0.26,26,False,0.15,15,False,0.19,19,False,0,
TIMD4,0.33,33,False,0.19,19,False,0.19,19,False,0,
TIMM10,0.09,9,False,0.07,7,False,0.12,12,False,0,
TIMM8A,0.13,13,False,0.12,12,False,0.12,12,False,0,
TIMP1,0.34,34,False,0.1,10,False,0.16,16,False,0,
TIMP2,0.32,32,False,0.17,17,False,0.24,24,False,0,
TIMP3,0.21,21,False,0.12,12,False,0.13,13,False,0,
TIMP4,0.46,46,False,0.19,19,False,0.22,22,False,0,
TINAGL1,0.4,40,False,0.16,16,False,0.18,18,False,0,
TJAP1,0.12,12,False,0.04,4,False,0.12,12,False,0,
TJP3,0.4,40,False,0.49,49,False,0.3,30,False,0,
TK1,0.61,61,False,0.75,75,False,0.27,27,False,0,
TLR1,0.42,42,False,0.12,12,False,0.27,27,False,0,
TLR2,0.48,48,False,0.32,32,False,0.54,54,False,0,
TLR3,0.4,40,False,0.45,45,False,0.26,26,False,0,
TLR4,0.53,53,False,0.21,21,False,0.27,27,False,0,
TMCO5A,0.24,24,False,0.12,12,False,0.17,17,False,0,
TMED1,0.66,66,False,0.3,30,False,0.45,45,False,0,
TMED10,0.56,56,False,0.31,31,False,0.32,32,False,0,
TMED4,0.56,56,False,0.76,76,False,0.61,61,False,0,
TMED8,0.13,13,False,0.06,6,False,0.13,13,False,0,
TMEM106A,0.24,24,False,0.08,8,False,0.34,34,False,0,
TMEM132A,0.55,55,False,0.27,27,False,0.3,30,False,0,
TMEM25,0.48,48,False,0.27,27,False,0.31,31,False,0,
TMOD4,0.56,56,False,0.23,23,False,0.28,28,False,0,
TMPRSS11B,0.66,66,False,0.68,68,False,0.97,97,True,1,Total_CVD
TMPRSS11D,0.37,37,False,0.23,23,False,0.29,29,False,0,
TMPRSS15,0.48,48,False,0.3,30,False,0.49,49,False,0,
TMPRSS5,0.46,46,False,0.34,34,False,0.26,26,False,0,
TMSB10,0.12,12,False,0.05,5,False,0.09,9,False,0,
TNC,0.8,80,True,0.68,68,False,0.7,70,False,1,ASCVD
TNF,0.31,31,False,0.11,11,False,0.27,27,False,0,
TNFAIP2,0.14,14,False,0.05,5,False,0.15,15,False,0,
TNFAIP8,0.42,42,False,0.12,12,False,0.21,21,False,0,
TNFAIP8L2,0.14,14,False,0.06,6,False,0.1,10,False,0,
TNFRSF10A,0.25,25,False,0.11,11,False,0.15,15,False,0,
TNFRSF10B,0.31,31,False,0.54,54,False,0.18,18,False,0,
TNFRSF10C,0.45,45,False,0.28,28,False,0.22,22,False,0,
TNFRSF11A,0.2,20,False,0.07,7,False,0.13,13,False,0,
TNFRSF11B,0.93,93,True,0.95,95,True,1.0,100,True,3,ASCVD;HF;Total_CVD
TNFRSF12A,0.32,32,False,0.84,84,True,0.38,38,False,1,HF
TNFRSF13B,0.24,24,False,0.17,17,False,0.15,15,False,0,
TNFRSF13C,0.34,34,False,0.21,21,False,0.3,30,False,0,
TNFRSF14,0.14,14,False,0.1,10,False,0.11,11,False,0,
TNFRSF17,0.44,44,False,0.34,34,False,0.51,51,False,0,
TNFRSF19,0.25,25,False,0.18,18,False,0.17,17,False,0,
TNFRSF1A,0.19,19,False,0.07,7,False,0.14,14,False,0,
TNFRSF1B,0.19,19,False,0.12,12,False,0.13,13,False,0,
TNFRSF21,0.19,19,False,0.1,10,False,0.16,16,False,0,
TNFRSF4,0.66,66,False,0.91,91,True,0.97,97,True,2,HF;Total_CVD
TNFRSF6B,0.31,31,False,0.15,15,False,0.21,21,False,0,
TNFRSF8,0.19,19,False,0.11,11,False,0.18,18,False,0,
TNFRSF9,0.2,20,False,0.93,93,True,0.17,17,False,1,HF
TNFSF10,0.38,38,False,0.24,24,False,0.24,24,False,0,
TNFSF11,0.52,52,False,0.26,26,False,0.28,28,False,0,
TNFSF12,0.37,37,False,0.83,83,True,0.76,76,False,1,HF
TNFSF13,0.29,29,False,0.17,17,False,0.2,20,False,0,
TNFSF13B,0.35,35,False,0.75,75,False,0.21,21,False,0,
TNFSF14,0.13,13,False,0.08,8,False,0.09,9,False,0,
TNFSF8,0.29,29,False,0.2,20,False,0.17,17,False,0,
TNIP1,0.15,15,False,0.07,7,False,0.14,14,False,0,
TNN,0.7,70,False,0.28,28,False,0.31,31,False,0,
TNNI3,0.97,97,True,1.0,100,True,1.0,100,True,3,ASCVD;HF;Total_CVD
TNPO1,0.45,45,False,0.35,35,False,0.28,28,False,0,
TNR,0.97,97,True,0.92,92,True,0.99,99,True,3,ASCVD;HF;Total_CVD
TNXB,0.87,87,True,0.81,81,True,0.9,90,True,3,ASCVD;HF;Total_CVD
TOMM20,0.18,18,False,0.03,3,False,0.12,12,False,0,
TOP1,0.54,54,False,0.24,24,False,0.31,31,False,0,
TOP1MT,0.56,56,False,0.36,36,False,0.35,35,False,0,
TOP2B,0.15,15,False,0.06,6,False,0.1,10,False,0,
TOR1AIP1,0.2,20,False,0.09,9,False,0.21,21,False,0,
TP53,0.3,30,False,0.21,21,False,0.41,41,False,0,
TP53BP1,0.5,50,False,0.23,23,False,0.3,30,False,0,
TP53I3,0.13,13,False,0.05,5,False,0.12,12,False,0,
TP53INP1,0.84,84,True,0.29,29,False,0.97,97,True,2,ASCVD;Total_CVD
TP73,0.42,42,False,0.46,46,False,0.29,29,False,0,
TPBGL,0.6,60,False,0.3,30,False,0.28,28,False,0,
TPD52L2,0.15,15,False,0.07,7,False,0.11,11,False,0,
TPK1,0.22,22,False,0.22,22,False,0.19,19,False,0,
TPM3,0.36,36,False,0.19,19,False,0.23,23,False,0,
TPMT,0.19,19,False,0.51,51,False,0.3,30,False,0,
TPP1,0.25,25,False,0.12,12,False,0.37,37,False,0,
TPPP2,0.63,63,False,0.37,37,False,0.5,50,False,0,
TPPP3,0.61,61,False,0.34,34,False,0.3,30,False,0,
TPR,0.51,51,False,0.12,12,False,0.37,37,False,0,
TPRKB,0.61,61,False,0.33,33,False,0.32,32,False,0,
TPSAB1,0.42,42,False,0.22,22,False,0.24,24,False,0,
TPSD1,0.43,43,False,0.59,59,False,0.23,23,False,0,
TPSG1,0.44,44,False,0.23,23,False,0.26,26,False,0,
TPT1,0.5,50,False,0.27,27,False,0.31,31,False,0,
TRAF2,0.18,18,False,0.1,10,False,0.11,11,False,0,
TRAF3,0.33,33,False,0.27,27,False,0.29,29,False,0,
TRAF3IP2,0.63,63,False,0.29,29,False,0.51,51,False,0,
TRDMT1,0.19,19,False,0.09,9,False,0.17,17,False,0,
TREH,0.55,55,False,0.25,25,False,0.34,34,False,0,
TREM2,0.53,53,False,0.18,18,False,0.28,28,False,0,
TREML1,0.15,15,False,0.08,8,False,0.1,10,False,0,
TREML2,0.25,25,False,0.15,15,False,0.28,28,False,0,
TRIAP1,0.16,16,False,0.06,6,False,0.12,12,False,0,
TRIM21,0.3,30,False,0.43,43,False,0.33,33,False,0,
TRIM24,0.17,17,False,0.08,8,False,0.18,18,False,0,
TRIM25,0.13,13,False,0.05,5,False,0.11,11,False,0,
TRIM26,0.38,38,False,0.18,18,False,0.22,22,False,0,
TRIM40,0.26,26,False,0.15,15,False,0.39,39,False,0,
TRIM5,0.12,12,False,0.06,6,False,0.12,12,False,0,
TRIM58,0.14,14,False,0.06,6,False,0.12,12,False,0,
TRPV3,0.49,49,False,0.5,50,False,0.33,33,False,0,
TSC1,0.34,34,False,0.11,11,False,0.2,20,False,0,
TSC22D1,0.12,12,False,0.07,7,False,0.18,18,False,0,
TSHB,0.75,75,False,0.37,37,False,0.45,45,False,0,
TSLP,0.58,58,False,0.3,30,False,0.33,33,False,0,
TSNAX,0.15,15,False,0.08,8,False,0.11,11,False,0,
TSPAN1,0.52,52,False,0.35,35,False,0.48,48,False,0,
TSPAN15,0.59,59,False,0.24,24,False,0.29,29,False,0,
TSPAN7,0.54,54,False,0.57,57,False,0.36,36,False,0,
TSPAN8,0.55,55,False,0.25,25,False,0.29,29,False,0,
TSPYL1,0.11,11,False,0.07,7,False,0.14,14,False,0,
TST,0.17,17,False,0.07,7,False,0.12,12,False,0,
TTF2,0.14,14,False,0.11,11,False,0.14,14,False,0,
TTN,0.3,30,False,0.13,13,False,0.22,22,False,0,
TTR,0.84,84,True,0.26,26,False,0.23,23,False,1,ASCVD
TUBB3,0.25,25,False,0.13,13,False,0.21,21,False,0,
TWF2,0.13,13,False,0.04,4,False,0.09,9,False,0,
TXK,0.47,47,False,0.33,33,False,0.33,33,False,0,
TXLNA,0.15,15,False,0.07,7,False,0.11,11,False,0,
TXN,0.19,19,False,0.07,7,False,0.16,16,False,0,
TXNDC15,0.5,50,False,0.36,36,False,0.31,31,False,0,
TXNDC5,0.17,17,False,0.05,5,False,0.1,10,False,0,
TXNDC9,0.16,16,False,0.08,8,False,0.12,12,False,0,
TXNL1,0.4,40,False,0.22,22,False,0.29,29,False,0,
TXNRD1,0.17,17,False,0.07,7,False,0.13,13,False,0,
TYMP,0.15,15,False,0.06,6,False,0.12,12,False,0,
TYRO3,0.36,36,False,0.12,12,False,0.27,27,False,0,
TYRP1,0.7,70,False,0.55,55,False,0.33,33,False,0,
UBAC1,0.28,28,False,0.12,12,False,0.18,18,False,0,
UBE2B,0.17,17,False,0.07,7,False,0.14,14,False,0,
UBE2L6,0.13,13,False,0.06,6,False,0.11,11,False,0,
UBE2Z,0.2,20,False,0.08,8,False,0.12,12,False,0,
UBQLN3,0.48,48,False,0.32,32,False,0.32,32,False,0,
UBXN1,0.12,12,False,0.04,4,False,0.11,11,False,0,
UFD1,0.11,11,False,0.06,6,False,0.11,11,False,0,
UGDH,0.45,45,False,0.26,26,False,0.22,22,False,0,
UHRF2,0.49,49,False,0.5,50,False,0.29,29,False,0,
ULBP2,0.21,21,False,0.12,12,False,0.14,14,False,0,
UMOD,0.4,40,False,0.87,87,True,0.41,41,False,1,HF
UNC5D,0.35,35,False,0.26,26,False,0.24,24,False,0,
UNC79,0.3,30,False,0.08,8,False,0.29,29,False,0,
UNG,0.21,21,False,0.19,19,False,0.19,19,False,0,
UPB1,0.32,32,False,0.45,45,False,0.27,27,False,0,
UPK3A,0.51,51,False,0.51,51,False,0.34,34,False,0,
UPK3BL1,0.59,59,False,0.33,33,False,0.33,33,False,0,
UROD,0.15,15,False,0.07,7,False,0.14,14,False,0,
UROS,0.52,52,False,0.37,37,False,0.26,26,False,0,
USO1,0.12,12,False,0.07,7,False,0.08,8,False,0,
USP25,0.14,14,False,0.05,5,False,0.08,8,False,0,
USP28,0.23,23,False,0.14,14,False,0.17,17,False,0,
USP47,0.24,24,False,0.1,10,False,0.28,28,False,0,
USP8,0.09,9,False,0.06,6,False,0.1,10,False,0,
UXS1,0.42,42,False,0.4,40,False,0.46,46,False,0,
VAMP5,0.37,37,False,0.15,15,False,0.27,27,False,0,
VAMP8,0.14,14,False,0.05,5,False,0.1,10,False,0,
VASH1,0.11,11,False,0.07,7,False,0.1,10,False,0,
VASN,0.32,32,False,0.1,10,False,0.16,16,False,0,
VASP,0.15,15,False,0.05,5,False,0.1,10,False,0,
VAT1,0.62,62,False,0.34,34,False,0.23,23,False,0,
VAV3,0.09,9,False,0.05,5,False,0.1,10,False,0,
VCAM1,0.23,23,False,0.17,17,False,0.19,19,False,0,
VCAN,0.47,47,False,0.3,30,False,0.26,26,False,0,
VCPKMT,0.66,66,False,0.29,29,False,0.24,24,False,0,
VEGFA,0.26,26,False,0.64,64,False,0.17,17,False,0,
VEGFB,0.23,23,False,0.11,11,False,0.16,16,False,0,
VEGFC,0.15,15,False,0.05,5,False,0.13,13,False,0,
VEGFD,0.47,47,False,0.33,33,False,0.31,31,False,0,
VGF,0.45,45,False,0.18,18,False,0.28,28,False,0,
VIM,0.42,42,False,0.24,24,False,0.27,27,False,0,
VIPR1,0.6,60,False,0.26,26,False,0.3,30,False,0,
VIT,0.39,39,False,0.17,17,False,0.17,17,False,0,
VMO1,0.37,37,False,0.33,33,False,0.28,28,False,0,
VNN1,0.55,55,False,0.25,25,False,0.28,28,False,0,
VNN2,0.4,40,False,0.13,13,False,0.22,22,False,0,
VPS28,0.11,11,False,0.07,7,False,0.11,11,False,0,
VPS37A,0.16,16,False,0.05,5,False,0.12,12,False,0,
VPS4B,0.15,15,False,0.06,6,False,0.08,8,False,0,
VPS53,0.15,15,False,0.05,5,False,0.08,8,False,0,
VSIG10,0.51,51,False,0.28,28,False,0.28,28,False,0,
VSIG10L,0.42,42,False,0.33,33,False,0.28,28,False,0,
VSIG2,0.36,36,False,0.2,20,False,0.17,17,False,0,
VSIG4,0.27,27,False,0.11,11,False,0.16,16,False,0,
VSIR,0.14,14,False,0.06,6,False,0.13,13,False,0,
VSNL1,0.34,34,False,0.17,17,False,0.19,19,False,0,
VSTM1,0.59,59,False,0.29,29,False,0.26,26,False,0,
VSTM2B,0.49,49,False,0.22,22,False,0.37,37,False,0,
VSTM2L,0.48,48,False,0.32,32,False,0.36,36,False,0,
VTA1,0.12,12,False,0.07,7,False,0.11,11,False,0,
VTCN1,0.53,53,False,0.68,68,False,0.49,49,False,0,
VTI1A,0.12,12,False,0.07,7,False,0.11,11,False,0,
VWA1,0.7,70,False,0.12,12,False,0.2,20,False,0,
VWA5A,0.56,56,False,0.92,92,True,0.33,33,False,1,HF
VWC2,0.54,54,False,0.43,43,False,0.58,58,False,0,
VWC2L,0.42,42,False,0.31,31,False,0.74,74,False,0,
VWF,0.53,53,False,0.2,20,False,0.25,25,False,0,
WARS,0.21,21,False,0.16,16,False,0.17,17,False,0,
WAS,0.28,28,False,0.17,17,False,0.15,15,False,0,
WASF1,0.14,14,False,0.06,6,False,0.1,10,False,0,
WASF3,0.31,31,False,0.22,22,False,0.16,16,False,0,
WASHC3,0.1,10,False,0.05,5,False,0.13,13,False,0,
WASL,0.49,49,False,0.3,30,False,0.25,25,False,0,
WDR46,0.25,25,False,0.11,11,False,0.19,19,False,0,
WFDC1,0.28,28,False,0.15,15,False,0.25,25,False,0,
WFDC12,0.37,37,False,0.12,12,False,0.22,22,False,0,
WFDC2,0.9,90,True,1.0,100,True,1.0,100,True,3,ASCVD;HF;Total_CVD
WFIKKN1,0.69,69,False,0.55,55,False,0.58,58,False,0,
WFIKKN2,0.47,47,False,0.66,66,False,0.53,53,False,0,
WIF1,0.39,39,False,0.34,34,False,0.28,28,False,0,
WNT9A,0.39,39,False,0.11,11,False,0.24,24,False,0,
WWP2,0.11,11,False,0.05,5,False,0.13,13,False,0,
XCL1,0.42,42,False,0.18,18,False,0.33,33,False,0,
XG,0.23,23,False,0.34,34,False,0.23,23,False,0,
XIAP,0.12,12,False,0.06,6,False,0.09,9,False,0,
XPNPEP2,0.95,95,True,0.87,87,True,0.95,95,True,3,ASCVD;HF;Total_CVD
XRCC4,0.16,16,False,0.09,9,False,0.12,12,False,0,
YAP1,0.27,27,False,0.12,12,False,0.14,14,False,0,
YARS1,0.1,10,False,0.06,6,False,0.11,11,False,0,
YES1,0.16,16,False,0.05,5,False,0.1,10,False,0,
YJU2,0.16,16,False,0.1,10,False,0.09,9,False,0,
YOD1,0.17,17,False,0.16,16,False,0.14,14,False,0,
YTHDF3,0.17,17,False,0.05,5,False,0.11,11,False,0,
YWHAQ,0.13,13,False,0.06,6,False,0.09,9,False,0,
YY1,0.34,34,False,0.2,20,False,0.22,22,False,0,
ZBP1,0.22,22,False,0.13,13,False,0.16,16,False,0,
ZBTB16,0.16,16,False,0.36,36,False,0.1,10,False,0,
ZBTB17,0.23,23,False,0.09,9,False,0.16,16,False,0,
ZCCHC8,0.51,51,False,0.26,26,False,0.43,43,False,0,
ZFYVE19,0.14,14,False,0.07,7,False,0.15,15,False,0,
ZHX2,0.27,27,False,0.12,12,False,0.16,16,False,0,
ZNF174,0.43,43,False,0.34,34,False,0.57,57,False,0,
ZNF75D,0.64,64,False,0.37,37,False,0.34,34,False,0,
ZNF830,0.4,40,False,0.24,24,False,0.25,25,False,0,
ZNRD2,0.25,25,False,0.2,20,False,0.19,19,False,0,
ZNRF4,0.31,31,False,0.17,17,False,0.28,28,False,0,
ZP3,0.57,57,False,0.4,40,False,0.3,30,False,0,
ZP4,0.51,51,False,0.27,27,False,0.3,30,False,0,
ZPR1,0.55,55,False,0.4,40,False,0.33,33,False,0,
